sample	unit	platform	fq1	fq2
D2_F2_1	D2_F2_1_orZ	ILLUMINA	/home/norman/Analysis/datasets/IAEA_sorghum_F2s_2018/Novogen_download/customer-orZgx0s6/D2_F2_1/D2_F2_1_NKD180900418-AK9770-AK9810_H7NHLDSXX_L1_1.fq.gz	/home/norman/Analysis/datasets/IAEA_sorghum_F2s_2018/Novogen_download/customer-orZgx0s6/D2_F2_1/D2_F2_1_NKD180900418-AK9770-AK9810_H7NHLDSXX_L1_2.fq.gz
D2_F2_1	D2_F2_1_9fC	ILLUMINA	/home/norman/Analysis/datasets/IAEA_sorghum_F2s_2018/Novogen_download/customer-9fC5qAZT/D2_F2_1/D2_F2_1_NKD180900418-D2_F2_1_H7LYHDSXX_L1_1.fq.gz	/home/norman/Analysis/datasets/IAEA_sorghum_F2s_2018/Novogen_download/customer-9fC5qAZT/D2_F2_1/D2_F2_1_NKD180900418-D2_F2_1_H7LYHDSXX_L1_2.fq.gz
D2_F2_7	D2_F2_7_vvO	ILLUMINA	/home/norman/Analysis/datasets/IAEA_sorghum_F2s_2018/Novogen_download/customer-vvOUY67l/D2_F2_7/D2_F2_7_NKD180900418-D2_F2_7_H7LYHDSXX_L1_1.fq.gz	/home/norman/Analysis/datasets/IAEA_sorghum_F2s_2018/Novogen_download/customer-vvOUY67l/D2_F2_7/D2_F2_7_NKD180900418-D2_F2_7_H7LYHDSXX_L1_2.fq.gz
D2_F2_7	D2_F2_7_orZ	ILLUMINA	/home/norman/Analysis/datasets/IAEA_sorghum_F2s_2018/Novogen_download/customer-orZgx0s6/D2_F2_7/D2_F2_7_NKD180900418-AK9770-AK9815_H7NHLDSXX_L1_1.fq.gz	/home/norman/Analysis/datasets/IAEA_sorghum_F2s_2018/Novogen_download/customer-orZgx0s6/D2_F2_7/D2_F2_7_NKD180900418-AK9770-AK9815_H7NHLDSXX_L1_2.fq.gz
D2_F2_11	D2_F2_11_orZ	ILLUMINA	/home/norman/Analysis/datasets/IAEA_sorghum_F2s_2018/Novogen_download/customer-orZgx0s6/D2_F2_11/D2_F2_11_NKD180900418-AK9778-AK9812_H7NHLDSXX_L1_1.fq.gz	/home/norman/Analysis/datasets/IAEA_sorghum_F2s_2018/Novogen_download/customer-orZgx0s6/D2_F2_11/D2_F2_11_NKD180900418-AK9778-AK9812_H7NHLDSXX_L1_2.fq.gz
D2_F2_11	D2_F2_11_9fC	ILLUMINA	/home/norman/Analysis/datasets/IAEA_sorghum_F2s_2018/Novogen_download/customer-9fC5qAZT/D2_F2_11/D2_F2_11_NKD180900418-D2_F2_11_H7LYHDSXX_L1_1.fq.gz	/home/norman/Analysis/datasets/IAEA_sorghum_F2s_2018/Novogen_download/customer-9fC5qAZT/D2_F2_11/D2_F2_11_NKD180900418-D2_F2_11_H7LYHDSXX_L1_2.fq.gz
D2_F2_12	D2_F2_12_orZ	ILLUMINA	/home/norman/Analysis/datasets/IAEA_sorghum_F2s_2018/Novogen_download/customer-orZgx0s6/D2_F2_12/D2_F2_12_NKD180900418-AK9778-AK9813_H7NHLDSXX_L1_1.fq.gz	/home/norman/Analysis/datasets/IAEA_sorghum_F2s_2018/Novogen_download/customer-orZgx0s6/D2_F2_12/D2_F2_12_NKD180900418-AK9778-AK9813_H7NHLDSXX_L1_2.fq.gz
D2_F2_12	D2_F2_12_9fC	ILLUMINA	/home/norman/Analysis/datasets/IAEA_sorghum_F2s_2018/Novogen_download/customer-9fC5qAZT/D2_F2_12/D2_F2_12_NKD180900418-D2_F2_12_H7LYHDSXX_L1_1.fq.gz	/home/norman/Analysis/datasets/IAEA_sorghum_F2s_2018/Novogen_download/customer-9fC5qAZT/D2_F2_12/D2_F2_12_NKD180900418-D2_F2_12_H7LYHDSXX_L1_2.fq.gz
D2_F2_15	D2_F2_15_orZ	ILLUMINA	/home/norman/Analysis/datasets/IAEA_sorghum_F2s_2018/Novogen_download/customer-orZgx0s6/D2_F2_15/D2_F2_15_NKD180900418-AK9778-AK9815_H7NHLDSXX_L1_1.fq.gz	/home/norman/Analysis/datasets/IAEA_sorghum_F2s_2018/Novogen_download/customer-orZgx0s6/D2_F2_15/D2_F2_15_NKD180900418-AK9778-AK9815_H7NHLDSXX_L1_2.fq.gz
D2_F2_15	D2_F2_15_9fC	ILLUMINA	/home/norman/Analysis/datasets/IAEA_sorghum_F2s_2018/Novogen_download/customer-9fC5qAZT/D2_F2_15/D2_F2_15_NKD180900418-D2_F2_15_H7LYHDSXX_L1_1.fq.gz	/home/norman/Analysis/datasets/IAEA_sorghum_F2s_2018/Novogen_download/customer-9fC5qAZT/D2_F2_15/D2_F2_15_NKD180900418-D2_F2_15_H7LYHDSXX_L1_2.fq.gz
D2_F2_16	D2_F2_16_orZ	ILLUMINA	/home/norman/Analysis/datasets/IAEA_sorghum_F2s_2018/Novogen_download/customer-orZgx0s6/D2_F2_16/D2_F2_16_NKD180900418-AK9778-AK9816_H7NHLDSXX_L1_1.fq.gz	/home/norman/Analysis/datasets/IAEA_sorghum_F2s_2018/Novogen_download/customer-orZgx0s6/D2_F2_16/D2_F2_16_NKD180900418-AK9778-AK9816_H7NHLDSXX_L1_2.fq.gz
D2_F2_16	D2_F2_16_9fC	ILLUMINA	/home/norman/Analysis/datasets/IAEA_sorghum_F2s_2018/Novogen_download/customer-9fC5qAZT/D2_F2_16/D2_F2_16_NKD180900418-D2_F2_16_H7LYHDSXX_L1_1.fq.gz	/home/norman/Analysis/datasets/IAEA_sorghum_F2s_2018/Novogen_download/customer-9fC5qAZT/D2_F2_16/D2_F2_16_NKD180900418-D2_F2_16_H7LYHDSXX_L1_2.fq.gz
D2_F2_18	D2_F2_18_wwa	ILLUMINA	/home/norman/Analysis/datasets/IAEA_sorghum_F2s_2018/Novogen_download/customer-wwa9CZkn/D2_F2_18/D2_F2_18_NKD180900418-D2_F2_18_H7LYHDSXX_L1_1.fq.gz	/home/norman/Analysis/datasets/IAEA_sorghum_F2s_2018/Novogen_download/customer-wwa9CZkn/D2_F2_18/D2_F2_18_NKD180900418-D2_F2_18_H7LYHDSXX_L1_2.fq.gz
D2_F2_18	D2_F2_18_orZ	ILLUMINA	/home/norman/Analysis/datasets/IAEA_sorghum_F2s_2018/Novogen_download/customer-orZgx0s6/D2_F2_18/D2_F2_18_NKD180900418-AK9779-AK9811_H7NHLDSXX_L1_1.fq.gz	/home/norman/Analysis/datasets/IAEA_sorghum_F2s_2018/Novogen_download/customer-orZgx0s6/D2_F2_18/D2_F2_18_NKD180900418-AK9779-AK9811_H7NHLDSXX_L1_2.fq.gz
D2_F2_20	D2_F2_20_wwa	ILLUMINA	/home/norman/Analysis/datasets/IAEA_sorghum_F2s_2018/Novogen_download/customer-wwa9CZkn/D2_F2_20/D2_F2_20_NKD180900418-D2_F2_20_H7LYHDSXX_L1_1.fq.gz	/home/norman/Analysis/datasets/IAEA_sorghum_F2s_2018/Novogen_download/customer-wwa9CZkn/D2_F2_20/D2_F2_20_NKD180900418-D2_F2_20_H7LYHDSXX_L1_2.fq.gz
D2_F2_20	D2_F2_20_orZ	ILLUMINA	/home/norman/Analysis/datasets/IAEA_sorghum_F2s_2018/Novogen_download/customer-orZgx0s6/D2_F2_20/D2_F2_20_NKD180900418-AK9779-AK9813_H7NHLDSXX_L1_1.fq.gz	/home/norman/Analysis/datasets/IAEA_sorghum_F2s_2018/Novogen_download/customer-orZgx0s6/D2_F2_20/D2_F2_20_NKD180900418-AK9779-AK9813_H7NHLDSXX_L1_2.fq.gz
D2_F2_21	D2_F2_21_wwa	ILLUMINA	/home/norman/Analysis/datasets/IAEA_sorghum_F2s_2018/Novogen_download/customer-wwa9CZkn/D2_F2_21/D2_F2_21_NKD180900418-D2_F2_21_H7LYHDSXX_L1_1.fq.gz	/home/norman/Analysis/datasets/IAEA_sorghum_F2s_2018/Novogen_download/customer-wwa9CZkn/D2_F2_21/D2_F2_21_NKD180900418-D2_F2_21_H7LYHDSXX_L1_2.fq.gz
D2_F2_21	D2_F2_21_orZ	ILLUMINA	/home/norman/Analysis/datasets/IAEA_sorghum_F2s_2018/Novogen_download/customer-orZgx0s6/D2_F2_21/D2_F2_21_NKD180900418-AK9779-AK9814_H7NHLDSXX_L1_1.fq.gz	/home/norman/Analysis/datasets/IAEA_sorghum_F2s_2018/Novogen_download/customer-orZgx0s6/D2_F2_21/D2_F2_21_NKD180900418-AK9779-AK9814_H7NHLDSXX_L1_2.fq.gz
D2_F2_22	D2_F2_22_wwa	ILLUMINA	/home/norman/Analysis/datasets/IAEA_sorghum_F2s_2018/Novogen_download/customer-wwa9CZkn/D2_F2_22/D2_F2_22_NKD180900418-D2_F2_22_H7LYHDSXX_L1_1.fq.gz	/home/norman/Analysis/datasets/IAEA_sorghum_F2s_2018/Novogen_download/customer-wwa9CZkn/D2_F2_22/D2_F2_22_NKD180900418-D2_F2_22_H7LYHDSXX_L1_2.fq.gz
D2_F2_22	D2_F2_22_orZ	ILLUMINA	/home/norman/Analysis/datasets/IAEA_sorghum_F2s_2018/Novogen_download/customer-orZgx0s6/D2_F2_22/D2_F2_22_NKD180900418-AK9779-AK4717_H7NHLDSXX_L1_1.fq.gz	/home/norman/Analysis/datasets/IAEA_sorghum_F2s_2018/Novogen_download/customer-orZgx0s6/D2_F2_22/D2_F2_22_NKD180900418-AK9779-AK4717_H7NHLDSXX_L1_2.fq.gz
D2_F2_23	D2_F2_23_wwa	ILLUMINA	/home/norman/Analysis/datasets/IAEA_sorghum_F2s_2018/Novogen_download/customer-wwa9CZkn/D2_F2_23/D2_F2_23_NKD180900418-D2_F2_23_H7LYHDSXX_L1_1.fq.gz	/home/norman/Analysis/datasets/IAEA_sorghum_F2s_2018/Novogen_download/customer-wwa9CZkn/D2_F2_23/D2_F2_23_NKD180900418-D2_F2_23_H7LYHDSXX_L1_2.fq.gz
D2_F2_23	D2_F2_23_orZ	ILLUMINA	/home/norman/Analysis/datasets/IAEA_sorghum_F2s_2018/Novogen_download/customer-orZgx0s6/D2_F2_23/D2_F2_23_NKD180900418-AK9779-AK9815_H7NHLDSXX_L1_1.fq.gz	/home/norman/Analysis/datasets/IAEA_sorghum_F2s_2018/Novogen_download/customer-orZgx0s6/D2_F2_23/D2_F2_23_NKD180900418-AK9779-AK9815_H7NHLDSXX_L1_2.fq.gz
D2_F2_24	D2_F2_24_wwa	ILLUMINA	/home/norman/Analysis/datasets/IAEA_sorghum_F2s_2018/Novogen_download/customer-wwa9CZkn/D2_F2_24/D2_F2_24_NKD180900418-D2_F2_24_H7LYHDSXX_L1_1.fq.gz	/home/norman/Analysis/datasets/IAEA_sorghum_F2s_2018/Novogen_download/customer-wwa9CZkn/D2_F2_24/D2_F2_24_NKD180900418-D2_F2_24_H7LYHDSXX_L1_2.fq.gz
D2_F2_24	D2_F2_24_orZ	ILLUMINA	/home/norman/Analysis/datasets/IAEA_sorghum_F2s_2018/Novogen_download/customer-orZgx0s6/D2_F2_24/D2_F2_24_NKD180900418-AK9779-AK9816_H7NHLDSXX_L1_1.fq.gz	/home/norman/Analysis/datasets/IAEA_sorghum_F2s_2018/Novogen_download/customer-orZgx0s6/D2_F2_24/D2_F2_24_NKD180900418-AK9779-AK9816_H7NHLDSXX_L1_2.fq.gz
D2_F2_26	D2_F2_26_wwa	ILLUMINA	/home/norman/Analysis/datasets/IAEA_sorghum_F2s_2018/Novogen_download/customer-wwa9CZkn/D2_F2_26/D2_F2_26_NKD180900418-D2_F2_26_H7LYHDSXX_L1_1.fq.gz	/home/norman/Analysis/datasets/IAEA_sorghum_F2s_2018/Novogen_download/customer-wwa9CZkn/D2_F2_26/D2_F2_26_NKD180900418-D2_F2_26_H7LYHDSXX_L1_2.fq.gz
D2_F2_26	D2_F2_26_orZ	ILLUMINA	/home/norman/Analysis/datasets/IAEA_sorghum_F2s_2018/Novogen_download/customer-orZgx0s6/D2_F2_26/D2_F2_26_NKD180900418-AK9780-AK9811_H7NHLDSXX_L1_1.fq.gz	/home/norman/Analysis/datasets/IAEA_sorghum_F2s_2018/Novogen_download/customer-orZgx0s6/D2_F2_26/D2_F2_26_NKD180900418-AK9780-AK9811_H7NHLDSXX_L1_2.fq.gz
D2_F2_29	D2_F2_29_wwa	ILLUMINA	/home/norman/Analysis/datasets/IAEA_sorghum_F2s_2018/Novogen_download/customer-wwa9CZkn/D2_F2_29/D2_F2_29_NKD180900418-D2_F2_29_H7LYHDSXX_L1_1.fq.gz	/home/norman/Analysis/datasets/IAEA_sorghum_F2s_2018/Novogen_download/customer-wwa9CZkn/D2_F2_29/D2_F2_29_NKD180900418-D2_F2_29_H7LYHDSXX_L1_2.fq.gz
D2_F2_29	D2_F2_29_orZ	ILLUMINA	/home/norman/Analysis/datasets/IAEA_sorghum_F2s_2018/Novogen_download/customer-orZgx0s6/D2_F2_29/D2_F2_29_NKD180900418-AK9780-AK9814_H7NHLDSXX_L1_1.fq.gz	/home/norman/Analysis/datasets/IAEA_sorghum_F2s_2018/Novogen_download/customer-orZgx0s6/D2_F2_29/D2_F2_29_NKD180900418-AK9780-AK9814_H7NHLDSXX_L1_2.fq.gz
D2_F2_30	D2_F2_30_wwa	ILLUMINA	/home/norman/Analysis/datasets/IAEA_sorghum_F2s_2018/Novogen_download/customer-wwa9CZkn/D2_F2_30/D2_F2_30_NKD180900418-D2_F2_30_H7LYHDSXX_L1_1.fq.gz	/home/norman/Analysis/datasets/IAEA_sorghum_F2s_2018/Novogen_download/customer-wwa9CZkn/D2_F2_30/D2_F2_30_NKD180900418-D2_F2_30_H7LYHDSXX_L1_2.fq.gz
D2_F2_30	D2_F2_30_orZ	ILLUMINA	/home/norman/Analysis/datasets/IAEA_sorghum_F2s_2018/Novogen_download/customer-orZgx0s6/D2_F2_30/D2_F2_30_NKD180900418-AK9780-AK4717_H7NHLDSXX_L1_1.fq.gz	/home/norman/Analysis/datasets/IAEA_sorghum_F2s_2018/Novogen_download/customer-orZgx0s6/D2_F2_30/D2_F2_30_NKD180900418-AK9780-AK4717_H7NHLDSXX_L1_2.fq.gz
D2_F2_32	D2_F2_32_wwa	ILLUMINA	/home/norman/Analysis/datasets/IAEA_sorghum_F2s_2018/Novogen_download/customer-wwa9CZkn/D2_F2_32/D2_F2_32_NKD180900418-D2_F2_32_H7LYHDSXX_L1_1.fq.gz	/home/norman/Analysis/datasets/IAEA_sorghum_F2s_2018/Novogen_download/customer-wwa9CZkn/D2_F2_32/D2_F2_32_NKD180900418-D2_F2_32_H7LYHDSXX_L1_2.fq.gz
D2_F2_32	D2_F2_32_orZ	ILLUMINA	/home/norman/Analysis/datasets/IAEA_sorghum_F2s_2018/Novogen_download/customer-orZgx0s6/D2_F2_32/D2_F2_32_NKD180900418-AK9780-AK9816_H7NHLDSXX_L1_1.fq.gz	/home/norman/Analysis/datasets/IAEA_sorghum_F2s_2018/Novogen_download/customer-orZgx0s6/D2_F2_32/D2_F2_32_NKD180900418-AK9780-AK9816_H7NHLDSXX_L1_2.fq.gz
D2_F2_34	D2_F2_34_wwa	ILLUMINA	/home/norman/Analysis/datasets/IAEA_sorghum_F2s_2018/Novogen_download/customer-wwa9CZkn/D2_F2_34/D2_F2_34_NKD180900418-D2_F2_34_H7LYHDSXX_L1_1.fq.gz	/home/norman/Analysis/datasets/IAEA_sorghum_F2s_2018/Novogen_download/customer-wwa9CZkn/D2_F2_34/D2_F2_34_NKD180900418-D2_F2_34_H7LYHDSXX_L1_2.fq.gz
D2_F2_34	D2_F2_34_orZ	ILLUMINA	/home/norman/Analysis/datasets/IAEA_sorghum_F2s_2018/Novogen_download/customer-orZgx0s6/D2_F2_34/D2_F2_34_NKD180900418-AK9781-AK9811_H7NHLDSXX_L1_1.fq.gz	/home/norman/Analysis/datasets/IAEA_sorghum_F2s_2018/Novogen_download/customer-orZgx0s6/D2_F2_34/D2_F2_34_NKD180900418-AK9781-AK9811_H7NHLDSXX_L1_2.fq.gz
D2_F2_39	D2_F2_39_vvO	ILLUMINA	/home/norman/Analysis/datasets/IAEA_sorghum_F2s_2018/Novogen_download/customer-vvOUY67l/D2_F2_39/D2_F2_39_NKD180900418-D2_F2_39_H7LYHDSXX_L1_1.fq.gz	/home/norman/Analysis/datasets/IAEA_sorghum_F2s_2018/Novogen_download/customer-vvOUY67l/D2_F2_39/D2_F2_39_NKD180900418-D2_F2_39_H7LYHDSXX_L1_2.fq.gz
D2_F2_39	D2_F2_39_orZ	ILLUMINA	/home/norman/Analysis/datasets/IAEA_sorghum_F2s_2018/Novogen_download/customer-orZgx0s6/D2_F2_39/D2_F2_39_NKD180900418-AK9781-AK9815_H7NHLDSXX_L1_1.fq.gz	/home/norman/Analysis/datasets/IAEA_sorghum_F2s_2018/Novogen_download/customer-orZgx0s6/D2_F2_39/D2_F2_39_NKD180900418-AK9781-AK9815_H7NHLDSXX_L1_2.fq.gz
D2_F2_40	D2_F2_40_vvO	ILLUMINA	/home/norman/Analysis/datasets/IAEA_sorghum_F2s_2018/Novogen_download/customer-vvOUY67l/D2_F2_40/D2_F2_40_NKD180900418-D2_F2_40_H7LYHDSXX_L1_1.fq.gz	/home/norman/Analysis/datasets/IAEA_sorghum_F2s_2018/Novogen_download/customer-vvOUY67l/D2_F2_40/D2_F2_40_NKD180900418-D2_F2_40_H7LYHDSXX_L1_2.fq.gz
D2_F2_40	D2_F2_40_orZ	ILLUMINA	/home/norman/Analysis/datasets/IAEA_sorghum_F2s_2018/Novogen_download/customer-orZgx0s6/D2_F2_40/D2_F2_40_NKD180900418-AK9781-AK9816_H7NHLDSXX_L1_1.fq.gz	/home/norman/Analysis/datasets/IAEA_sorghum_F2s_2018/Novogen_download/customer-orZgx0s6/D2_F2_40/D2_F2_40_NKD180900418-AK9781-AK9816_H7NHLDSXX_L1_2.fq.gz
D2_F2_42	D2_F2_42_vvO	ILLUMINA	/home/norman/Analysis/datasets/IAEA_sorghum_F2s_2018/Novogen_download/customer-vvOUY67l/D2_F2_42/D2_F2_42_NKD180900418-D2_F2_42_H7LYHDSXX_L1_1.fq.gz	/home/norman/Analysis/datasets/IAEA_sorghum_F2s_2018/Novogen_download/customer-vvOUY67l/D2_F2_42/D2_F2_42_NKD180900418-D2_F2_42_H7LYHDSXX_L1_2.fq.gz
D2_F2_42	D2_F2_42_orZ	ILLUMINA	/home/norman/Analysis/datasets/IAEA_sorghum_F2s_2018/Novogen_download/customer-orZgx0s6/D2_F2_42/D2_F2_42_NKD180900418-AK9782-AK9811_H7NHLDSXX_L1_1.fq.gz	/home/norman/Analysis/datasets/IAEA_sorghum_F2s_2018/Novogen_download/customer-orZgx0s6/D2_F2_42/D2_F2_42_NKD180900418-AK9782-AK9811_H7NHLDSXX_L1_2.fq.gz
D2_F2_43	D2_F2_43_vvO	ILLUMINA	/home/norman/Analysis/datasets/IAEA_sorghum_F2s_2018/Novogen_download/customer-vvOUY67l/D2_F2_43/D2_F2_43_NKD180900418-D2_F2_43_H7LYHDSXX_L1_1.fq.gz	/home/norman/Analysis/datasets/IAEA_sorghum_F2s_2018/Novogen_download/customer-vvOUY67l/D2_F2_43/D2_F2_43_NKD180900418-D2_F2_43_H7LYHDSXX_L1_2.fq.gz
D2_F2_43	D2_F2_43_orZ	ILLUMINA	/home/norman/Analysis/datasets/IAEA_sorghum_F2s_2018/Novogen_download/customer-orZgx0s6/D2_F2_43/D2_F2_43_NKD180900418-AK9782-AK9812_H7NHLDSXX_L1_1.fq.gz	/home/norman/Analysis/datasets/IAEA_sorghum_F2s_2018/Novogen_download/customer-orZgx0s6/D2_F2_43/D2_F2_43_NKD180900418-AK9782-AK9812_H7NHLDSXX_L1_2.fq.gz
D2_F2_47	D2_F2_47_vvO	ILLUMINA	/home/norman/Analysis/datasets/IAEA_sorghum_F2s_2018/Novogen_download/customer-vvOUY67l/D2_F2_47/D2_F2_47_NKD180900418-D2_F2_47_H7LYHDSXX_L1_1.fq.gz	/home/norman/Analysis/datasets/IAEA_sorghum_F2s_2018/Novogen_download/customer-vvOUY67l/D2_F2_47/D2_F2_47_NKD180900418-D2_F2_47_H7LYHDSXX_L1_2.fq.gz
D2_F2_47	D2_F2_47_orZ	ILLUMINA	/home/norman/Analysis/datasets/IAEA_sorghum_F2s_2018/Novogen_download/customer-orZgx0s6/D2_F2_47/D2_F2_47_NKD180900418-AK9782-AK9815_H7NHLDSXX_L1_1.fq.gz	/home/norman/Analysis/datasets/IAEA_sorghum_F2s_2018/Novogen_download/customer-orZgx0s6/D2_F2_47/D2_F2_47_NKD180900418-AK9782-AK9815_H7NHLDSXX_L1_2.fq.gz
D2_F2_50	D2_F2_50_vvO	ILLUMINA	/home/norman/Analysis/datasets/IAEA_sorghum_F2s_2018/Novogen_download/customer-vvOUY67l/D2_F2_50/D2_F2_50_NKD180900418-D2_F2_50_H7LYHDSXX_L1_1.fq.gz	/home/norman/Analysis/datasets/IAEA_sorghum_F2s_2018/Novogen_download/customer-vvOUY67l/D2_F2_50/D2_F2_50_NKD180900418-D2_F2_50_H7LYHDSXX_L1_2.fq.gz
D2_F2_50	D2_F2_50_orZ	ILLUMINA	/home/norman/Analysis/datasets/IAEA_sorghum_F2s_2018/Novogen_download/customer-orZgx0s6/D2_F2_50/D2_F2_50_NKD180900418-AK9783-AK9811_H7NHLDSXX_L1_1.fq.gz	/home/norman/Analysis/datasets/IAEA_sorghum_F2s_2018/Novogen_download/customer-orZgx0s6/D2_F2_50/D2_F2_50_NKD180900418-AK9783-AK9811_H7NHLDSXX_L1_2.fq.gz
D2_F2_51	D2_F2_51_vvO	ILLUMINA	/home/norman/Analysis/datasets/IAEA_sorghum_F2s_2018/Novogen_download/customer-vvOUY67l/D2_F2_51/D2_F2_51_NKD180900418-D2_F2_51_H7LYHDSXX_L1_1.fq.gz	/home/norman/Analysis/datasets/IAEA_sorghum_F2s_2018/Novogen_download/customer-vvOUY67l/D2_F2_51/D2_F2_51_NKD180900418-D2_F2_51_H7LYHDSXX_L1_2.fq.gz
D2_F2_51	D2_F2_51_orZ	ILLUMINA	/home/norman/Analysis/datasets/IAEA_sorghum_F2s_2018/Novogen_download/customer-orZgx0s6/D2_F2_51/D2_F2_51_NKD180900418-AK9783-AK9812_H7NHLDSXX_L1_1.fq.gz	/home/norman/Analysis/datasets/IAEA_sorghum_F2s_2018/Novogen_download/customer-orZgx0s6/D2_F2_51/D2_F2_51_NKD180900418-AK9783-AK9812_H7NHLDSXX_L1_2.fq.gz
D2_F2_52	D2_F2_52_vvO	ILLUMINA	/home/norman/Analysis/datasets/IAEA_sorghum_F2s_2018/Novogen_download/customer-vvOUY67l/D2_F2_52/D2_F2_52_NKD180900418-D2_F2_52_H7LYHDSXX_L1_1.fq.gz	/home/norman/Analysis/datasets/IAEA_sorghum_F2s_2018/Novogen_download/customer-vvOUY67l/D2_F2_52/D2_F2_52_NKD180900418-D2_F2_52_H7LYHDSXX_L1_2.fq.gz
D2_F2_52	D2_F2_52_orZ	ILLUMINA	/home/norman/Analysis/datasets/IAEA_sorghum_F2s_2018/Novogen_download/customer-orZgx0s6/D2_F2_52/D2_F2_52_NKD180900418-AK9783-AK9813_H7NHLDSXX_L1_1.fq.gz	/home/norman/Analysis/datasets/IAEA_sorghum_F2s_2018/Novogen_download/customer-orZgx0s6/D2_F2_52/D2_F2_52_NKD180900418-AK9783-AK9813_H7NHLDSXX_L1_2.fq.gz
D2_F2_54	D2_F2_54_vvO	ILLUMINA	/home/norman/Analysis/datasets/IAEA_sorghum_F2s_2018/Novogen_download/customer-vvOUY67l/D2_F2_54/D2_F2_54_NKD180900418-D2_F2_54_H7LYHDSXX_L1_1.fq.gz	/home/norman/Analysis/datasets/IAEA_sorghum_F2s_2018/Novogen_download/customer-vvOUY67l/D2_F2_54/D2_F2_54_NKD180900418-D2_F2_54_H7LYHDSXX_L1_2.fq.gz
D2_F2_54	D2_F2_54_orZ	ILLUMINA	/home/norman/Analysis/datasets/IAEA_sorghum_F2s_2018/Novogen_download/customer-orZgx0s6/D2_F2_54/D2_F2_54_NKD180900418-AK9783-AK4717_H7NHLDSXX_L1_1.fq.gz	/home/norman/Analysis/datasets/IAEA_sorghum_F2s_2018/Novogen_download/customer-orZgx0s6/D2_F2_54/D2_F2_54_NKD180900418-AK9783-AK4717_H7NHLDSXX_L1_2.fq.gz
D2_F2_55	D2_F2_55_vvO	ILLUMINA	/home/norman/Analysis/datasets/IAEA_sorghum_F2s_2018/Novogen_download/customer-vvOUY67l/D2_F2_55/D2_F2_55_NKD180900418-D2_F2_55_H7LYHDSXX_L1_1.fq.gz	/home/norman/Analysis/datasets/IAEA_sorghum_F2s_2018/Novogen_download/customer-vvOUY67l/D2_F2_55/D2_F2_55_NKD180900418-D2_F2_55_H7LYHDSXX_L1_2.fq.gz
D2_F2_55	D2_F2_55_orZ	ILLUMINA	/home/norman/Analysis/datasets/IAEA_sorghum_F2s_2018/Novogen_download/customer-orZgx0s6/D2_F2_55/D2_F2_55_NKD180900418-AK9783-AK9815_H7NHLDSXX_L1_1.fq.gz	/home/norman/Analysis/datasets/IAEA_sorghum_F2s_2018/Novogen_download/customer-orZgx0s6/D2_F2_55/D2_F2_55_NKD180900418-AK9783-AK9815_H7NHLDSXX_L1_2.fq.gz
D2_F2_56	D2_F2_56_vvO	ILLUMINA	/home/norman/Analysis/datasets/IAEA_sorghum_F2s_2018/Novogen_download/customer-vvOUY67l/D2_F2_56/D2_F2_56_NKD180900418-D2_F2_56_H7LYHDSXX_L1_1.fq.gz	/home/norman/Analysis/datasets/IAEA_sorghum_F2s_2018/Novogen_download/customer-vvOUY67l/D2_F2_56/D2_F2_56_NKD180900418-D2_F2_56_H7LYHDSXX_L1_2.fq.gz
D2_F2_56	D2_F2_56_orZ	ILLUMINA	/home/norman/Analysis/datasets/IAEA_sorghum_F2s_2018/Novogen_download/customer-orZgx0s6/D2_F2_56/D2_F2_56_NKD180900418-AK9783-AK9816_H7NHLDSXX_L1_1.fq.gz	/home/norman/Analysis/datasets/IAEA_sorghum_F2s_2018/Novogen_download/customer-orZgx0s6/D2_F2_56/D2_F2_56_NKD180900418-AK9783-AK9816_H7NHLDSXX_L1_2.fq.gz
D2_F2_59	D2_F2_59_vvO	ILLUMINA	/home/norman/Analysis/datasets/IAEA_sorghum_F2s_2018/Novogen_download/customer-vvOUY67l/D2_F2_59/D2_F2_59_NKD180900418-D2_F2_59_H7LYHDSXX_L1_1.fq.gz	/home/norman/Analysis/datasets/IAEA_sorghum_F2s_2018/Novogen_download/customer-vvOUY67l/D2_F2_59/D2_F2_59_NKD180900418-D2_F2_59_H7LYHDSXX_L1_2.fq.gz
D2_F2_59	D2_F2_59_orZ	ILLUMINA	/home/norman/Analysis/datasets/IAEA_sorghum_F2s_2018/Novogen_download/customer-orZgx0s6/D2_F2_59/D2_F2_59_NKD180900418-AK9784-AK9812_H7NHLDSXX_L1_1.fq.gz	/home/norman/Analysis/datasets/IAEA_sorghum_F2s_2018/Novogen_download/customer-orZgx0s6/D2_F2_59/D2_F2_59_NKD180900418-AK9784-AK9812_H7NHLDSXX_L1_2.fq.gz
D2_F2_60	D2_F2_60_vvO	ILLUMINA	/home/norman/Analysis/datasets/IAEA_sorghum_F2s_2018/Novogen_download/customer-vvOUY67l/D2_F2_60/D2_F2_60_NKD180900418-D2_F2_60_H7LYHDSXX_L1_1.fq.gz	/home/norman/Analysis/datasets/IAEA_sorghum_F2s_2018/Novogen_download/customer-vvOUY67l/D2_F2_60/D2_F2_60_NKD180900418-D2_F2_60_H7LYHDSXX_L1_2.fq.gz
D2_F2_60	D2_F2_60_orZ	ILLUMINA	/home/norman/Analysis/datasets/IAEA_sorghum_F2s_2018/Novogen_download/customer-orZgx0s6/D2_F2_60/D2_F2_60_NKD180900418-AK9784-AK9813_H7NHLDSXX_L1_1.fq.gz	/home/norman/Analysis/datasets/IAEA_sorghum_F2s_2018/Novogen_download/customer-orZgx0s6/D2_F2_60/D2_F2_60_NKD180900418-AK9784-AK9813_H7NHLDSXX_L1_2.fq.gz
D2_F2_63	D2_F2_63_vvO	ILLUMINA	/home/norman/Analysis/datasets/IAEA_sorghum_F2s_2018/Novogen_download/customer-vvOUY67l/D2_F2_63/D2_F2_63_NKD180900418-D2_F2_63_H7LYHDSXX_L1_1.fq.gz	/home/norman/Analysis/datasets/IAEA_sorghum_F2s_2018/Novogen_download/customer-vvOUY67l/D2_F2_63/D2_F2_63_NKD180900418-D2_F2_63_H7LYHDSXX_L1_2.fq.gz
D2_F2_63	D2_F2_63_orZ	ILLUMINA	/home/norman/Analysis/datasets/IAEA_sorghum_F2s_2018/Novogen_download/customer-orZgx0s6/D2_F2_63/D2_F2_63_NKD180900418-AK9784-AK9815_H7NHLDSXX_L1_1.fq.gz	/home/norman/Analysis/datasets/IAEA_sorghum_F2s_2018/Novogen_download/customer-orZgx0s6/D2_F2_63/D2_F2_63_NKD180900418-AK9784-AK9815_H7NHLDSXX_L1_2.fq.gz
D2_F2_65	D2_F2_65_vvO	ILLUMINA	/home/norman/Analysis/datasets/IAEA_sorghum_F2s_2018/Novogen_download/customer-vvOUY67l/D2_F2_65/D2_F2_65_NKD180900418-D2_F2_65_H7LYHDSXX_L1_1.fq.gz	/home/norman/Analysis/datasets/IAEA_sorghum_F2s_2018/Novogen_download/customer-vvOUY67l/D2_F2_65/D2_F2_65_NKD180900418-D2_F2_65_H7LYHDSXX_L1_2.fq.gz
D2_F2_65	D2_F2_65_orZ	ILLUMINA	/home/norman/Analysis/datasets/IAEA_sorghum_F2s_2018/Novogen_download/customer-orZgx0s6/D2_F2_65/D2_F2_65_NKD180900418-AK9785-AK9810_H7NHLDSXX_L1_1.fq.gz	/home/norman/Analysis/datasets/IAEA_sorghum_F2s_2018/Novogen_download/customer-orZgx0s6/D2_F2_65/D2_F2_65_NKD180900418-AK9785-AK9810_H7NHLDSXX_L1_2.fq.gz
D2_F2_67	D2_F2_67_vvO	ILLUMINA	/home/norman/Analysis/datasets/IAEA_sorghum_F2s_2018/Novogen_download/customer-vvOUY67l/D2_F2_67/D2_F2_67_NKD180900418-D2_F2_67_H7LYHDSXX_L1_1.fq.gz	/home/norman/Analysis/datasets/IAEA_sorghum_F2s_2018/Novogen_download/customer-vvOUY67l/D2_F2_67/D2_F2_67_NKD180900418-D2_F2_67_H7LYHDSXX_L1_2.fq.gz
D2_F2_67	D2_F2_67_orZ	ILLUMINA	/home/norman/Analysis/datasets/IAEA_sorghum_F2s_2018/Novogen_download/customer-orZgx0s6/D2_F2_67/D2_F2_67_NKD180900418-AK9785-AK9812_H7NHLDSXX_L1_1.fq.gz	/home/norman/Analysis/datasets/IAEA_sorghum_F2s_2018/Novogen_download/customer-orZgx0s6/D2_F2_67/D2_F2_67_NKD180900418-AK9785-AK9812_H7NHLDSXX_L1_2.fq.gz
D2_F2_68	D2_F2_68_vvO	ILLUMINA	/home/norman/Analysis/datasets/IAEA_sorghum_F2s_2018/Novogen_download/customer-vvOUY67l/D2_F2_68/D2_F2_68_NKD180900418-D2_F2_68_H7LYHDSXX_L1_1.fq.gz	/home/norman/Analysis/datasets/IAEA_sorghum_F2s_2018/Novogen_download/customer-vvOUY67l/D2_F2_68/D2_F2_68_NKD180900418-D2_F2_68_H7LYHDSXX_L1_2.fq.gz
D2_F2_68	D2_F2_68_orZ	ILLUMINA	/home/norman/Analysis/datasets/IAEA_sorghum_F2s_2018/Novogen_download/customer-orZgx0s6/D2_F2_68/D2_F2_68_NKD180900418-AK9785-AK9813_H7NHLDSXX_L1_1.fq.gz	/home/norman/Analysis/datasets/IAEA_sorghum_F2s_2018/Novogen_download/customer-orZgx0s6/D2_F2_68/D2_F2_68_NKD180900418-AK9785-AK9813_H7NHLDSXX_L1_2.fq.gz
D2_F2_72	D2_F2_72_vvO	ILLUMINA	/home/norman/Analysis/datasets/IAEA_sorghum_F2s_2018/Novogen_download/customer-vvOUY67l/D2_F2_72/D2_F2_72_NKD180900418-D2_F2_72_H7LYHDSXX_L1_1.fq.gz	/home/norman/Analysis/datasets/IAEA_sorghum_F2s_2018/Novogen_download/customer-vvOUY67l/D2_F2_72/D2_F2_72_NKD180900418-D2_F2_72_H7LYHDSXX_L1_2.fq.gz
D2_F2_72	D2_F2_72_orZ	ILLUMINA	/home/norman/Analysis/datasets/IAEA_sorghum_F2s_2018/Novogen_download/customer-orZgx0s6/D2_F2_72/D2_F2_72_NKD180900418-AK9785-AK9816_H7NHLDSXX_L1_1.fq.gz	/home/norman/Analysis/datasets/IAEA_sorghum_F2s_2018/Novogen_download/customer-orZgx0s6/D2_F2_72/D2_F2_72_NKD180900418-AK9785-AK9816_H7NHLDSXX_L1_2.fq.gz
D2_F2_73	D2_F2_73_vvO	ILLUMINA	/home/norman/Analysis/datasets/IAEA_sorghum_F2s_2018/Novogen_download/customer-vvOUY67l/D2_F2_73/D2_F2_73_NKD180900418-D2_F2_73_H7LYHDSXX_L1_1.fq.gz	/home/norman/Analysis/datasets/IAEA_sorghum_F2s_2018/Novogen_download/customer-vvOUY67l/D2_F2_73/D2_F2_73_NKD180900418-D2_F2_73_H7LYHDSXX_L1_2.fq.gz
D2_F2_73	D2_F2_73_orZ	ILLUMINA	/home/norman/Analysis/datasets/IAEA_sorghum_F2s_2018/Novogen_download/customer-orZgx0s6/D2_F2_73/D2_F2_73_NKD180900418-AK9786-AK9810_H7NHLDSXX_L1_1.fq.gz	/home/norman/Analysis/datasets/IAEA_sorghum_F2s_2018/Novogen_download/customer-orZgx0s6/D2_F2_73/D2_F2_73_NKD180900418-AK9786-AK9810_H7NHLDSXX_L1_2.fq.gz
D2_F2_74	D2_F2_74_vvO	ILLUMINA	/home/norman/Analysis/datasets/IAEA_sorghum_F2s_2018/Novogen_download/customer-vvOUY67l/D2_F2_74/D2_F2_74_NKD180900418-D2_F2_74_H7LYHDSXX_L1_1.fq.gz	/home/norman/Analysis/datasets/IAEA_sorghum_F2s_2018/Novogen_download/customer-vvOUY67l/D2_F2_74/D2_F2_74_NKD180900418-D2_F2_74_H7LYHDSXX_L1_2.fq.gz
D2_F2_74	D2_F2_74_orZ	ILLUMINA	/home/norman/Analysis/datasets/IAEA_sorghum_F2s_2018/Novogen_download/customer-orZgx0s6/D2_F2_74/D2_F2_74_NKD180900418-AK9786-AK9811_H7NHLDSXX_L1_1.fq.gz	/home/norman/Analysis/datasets/IAEA_sorghum_F2s_2018/Novogen_download/customer-orZgx0s6/D2_F2_74/D2_F2_74_NKD180900418-AK9786-AK9811_H7NHLDSXX_L1_2.fq.gz
D2_F2_75	D2_F2_75_vvO	ILLUMINA	/home/norman/Analysis/datasets/IAEA_sorghum_F2s_2018/Novogen_download/customer-vvOUY67l/D2_F2_75/D2_F2_75_NKD180900418-D2_F2_75_H7LYHDSXX_L1_1.fq.gz	/home/norman/Analysis/datasets/IAEA_sorghum_F2s_2018/Novogen_download/customer-vvOUY67l/D2_F2_75/D2_F2_75_NKD180900418-D2_F2_75_H7LYHDSXX_L1_2.fq.gz
D2_F2_75	D2_F2_75_orZ	ILLUMINA	/home/norman/Analysis/datasets/IAEA_sorghum_F2s_2018/Novogen_download/customer-orZgx0s6/D2_F2_75/D2_F2_75_NKD180900418-AK9786-AK9812_H7NHLDSXX_L1_1.fq.gz	/home/norman/Analysis/datasets/IAEA_sorghum_F2s_2018/Novogen_download/customer-orZgx0s6/D2_F2_75/D2_F2_75_NKD180900418-AK9786-AK9812_H7NHLDSXX_L1_2.fq.gz
D2_F2_76	D2_F2_76_vvO	ILLUMINA	/home/norman/Analysis/datasets/IAEA_sorghum_F2s_2018/Novogen_download/customer-vvOUY67l/D2_F2_76/D2_F2_76_NKD180900418-D2_F2_76_H7LYHDSXX_L1_1.fq.gz	/home/norman/Analysis/datasets/IAEA_sorghum_F2s_2018/Novogen_download/customer-vvOUY67l/D2_F2_76/D2_F2_76_NKD180900418-D2_F2_76_H7LYHDSXX_L1_2.fq.gz
D2_F2_76	D2_F2_76_orZ	ILLUMINA	/home/norman/Analysis/datasets/IAEA_sorghum_F2s_2018/Novogen_download/customer-orZgx0s6/D2_F2_76/D2_F2_76_NKD180900418-AK9786-AK9813_H7NHLDSXX_L1_1.fq.gz	/home/norman/Analysis/datasets/IAEA_sorghum_F2s_2018/Novogen_download/customer-orZgx0s6/D2_F2_76/D2_F2_76_NKD180900418-AK9786-AK9813_H7NHLDSXX_L1_2.fq.gz
D2_F2_77	D2_F2_77_vvO	ILLUMINA	/home/norman/Analysis/datasets/IAEA_sorghum_F2s_2018/Novogen_download/customer-vvOUY67l/D2_F2_77/D2_F2_77_NKD180900418-D2_F2_77_H7LYHDSXX_L1_1.fq.gz	/home/norman/Analysis/datasets/IAEA_sorghum_F2s_2018/Novogen_download/customer-vvOUY67l/D2_F2_77/D2_F2_77_NKD180900418-D2_F2_77_H7LYHDSXX_L1_2.fq.gz
D2_F2_77	D2_F2_77_orZ	ILLUMINA	/home/norman/Analysis/datasets/IAEA_sorghum_F2s_2018/Novogen_download/customer-orZgx0s6/D2_F2_77/D2_F2_77_NKD180900418-AK9786-AK9814_H7NHLDSXX_L1_1.fq.gz	/home/norman/Analysis/datasets/IAEA_sorghum_F2s_2018/Novogen_download/customer-orZgx0s6/D2_F2_77/D2_F2_77_NKD180900418-AK9786-AK9814_H7NHLDSXX_L1_2.fq.gz
D2_F2_79	D2_F2_79_vvO	ILLUMINA	/home/norman/Analysis/datasets/IAEA_sorghum_F2s_2018/Novogen_download/customer-vvOUY67l/D2_F2_79/D2_F2_79_NKD180900418-D2_F2_79_H7LYHDSXX_L1_1.fq.gz	/home/norman/Analysis/datasets/IAEA_sorghum_F2s_2018/Novogen_download/customer-vvOUY67l/D2_F2_79/D2_F2_79_NKD180900418-D2_F2_79_H7LYHDSXX_L1_2.fq.gz
D2_F2_79	D2_F2_79_orZ	ILLUMINA	/home/norman/Analysis/datasets/IAEA_sorghum_F2s_2018/Novogen_download/customer-orZgx0s6/D2_F2_79/D2_F2_79_NKD180900418-AK9786-AK9815_H7NHLDSXX_L1_1.fq.gz	/home/norman/Analysis/datasets/IAEA_sorghum_F2s_2018/Novogen_download/customer-orZgx0s6/D2_F2_79/D2_F2_79_NKD180900418-AK9786-AK9815_H7NHLDSXX_L1_2.fq.gz
D2_F2_81	D2_F2_81_vvO	ILLUMINA	/home/norman/Analysis/datasets/IAEA_sorghum_F2s_2018/Novogen_download/customer-vvOUY67l/D2_F2_81/D2_F2_81_NKD180900418-D2_F2_81_H7LYHDSXX_L1_1.fq.gz	/home/norman/Analysis/datasets/IAEA_sorghum_F2s_2018/Novogen_download/customer-vvOUY67l/D2_F2_81/D2_F2_81_NKD180900418-D2_F2_81_H7LYHDSXX_L1_2.fq.gz
D2_F2_81	D2_F2_81_orZ	ILLUMINA	/home/norman/Analysis/datasets/IAEA_sorghum_F2s_2018/Novogen_download/customer-orZgx0s6/D2_F2_81/D2_F2_81_NKD180900418-AK9787-AK9810_H7NHLDSXX_L1_1.fq.gz	/home/norman/Analysis/datasets/IAEA_sorghum_F2s_2018/Novogen_download/customer-orZgx0s6/D2_F2_81/D2_F2_81_NKD180900418-AK9787-AK9810_H7NHLDSXX_L1_2.fq.gz
D2_F2_82	D2_F2_82_vvO	ILLUMINA	/home/norman/Analysis/datasets/IAEA_sorghum_F2s_2018/Novogen_download/customer-vvOUY67l/D2_F2_82/D2_F2_82_NKD180900418-D2_F2_82_H7LYHDSXX_L1_1.fq.gz	/home/norman/Analysis/datasets/IAEA_sorghum_F2s_2018/Novogen_download/customer-vvOUY67l/D2_F2_82/D2_F2_82_NKD180900418-D2_F2_82_H7LYHDSXX_L1_2.fq.gz
D2_F2_82	D2_F2_82_orZ	ILLUMINA	/home/norman/Analysis/datasets/IAEA_sorghum_F2s_2018/Novogen_download/customer-orZgx0s6/D2_F2_82/D2_F2_82_NKD180900418-AK9787-AK9811_H7NHLDSXX_L1_1.fq.gz	/home/norman/Analysis/datasets/IAEA_sorghum_F2s_2018/Novogen_download/customer-orZgx0s6/D2_F2_82/D2_F2_82_NKD180900418-AK9787-AK9811_H7NHLDSXX_L1_2.fq.gz
D2_F2_83	D2_F2_83_vvO	ILLUMINA	/home/norman/Analysis/datasets/IAEA_sorghum_F2s_2018/Novogen_download/customer-vvOUY67l/D2_F2_83/D2_F2_83_NKD180900418-D2_F2_83_H7LYHDSXX_L1_1.fq.gz	/home/norman/Analysis/datasets/IAEA_sorghum_F2s_2018/Novogen_download/customer-vvOUY67l/D2_F2_83/D2_F2_83_NKD180900418-D2_F2_83_H7LYHDSXX_L1_2.fq.gz
D2_F2_83	D2_F2_83_orZ	ILLUMINA	/home/norman/Analysis/datasets/IAEA_sorghum_F2s_2018/Novogen_download/customer-orZgx0s6/D2_F2_83/D2_F2_83_NKD180900418-AK9787-AK9812_H7NHLDSXX_L1_1.fq.gz	/home/norman/Analysis/datasets/IAEA_sorghum_F2s_2018/Novogen_download/customer-orZgx0s6/D2_F2_83/D2_F2_83_NKD180900418-AK9787-AK9812_H7NHLDSXX_L1_2.fq.gz
D2_F2_89	D2_F2_89_vvO	ILLUMINA	/home/norman/Analysis/datasets/IAEA_sorghum_F2s_2018/Novogen_download/customer-vvOUY67l/D2_F2_89/D2_F2_89_NKD180900418-D2_F2_89_H7LYHDSXX_L1_1.fq.gz	/home/norman/Analysis/datasets/IAEA_sorghum_F2s_2018/Novogen_download/customer-vvOUY67l/D2_F2_89/D2_F2_89_NKD180900418-D2_F2_89_H7LYHDSXX_L1_2.fq.gz
D2_F2_89	D2_F2_89_orZ	ILLUMINA	/home/norman/Analysis/datasets/IAEA_sorghum_F2s_2018/Novogen_download/customer-orZgx0s6/D2_F2_89/D2_F2_89_NKD180900418-AK7210-AK9810_H7NHLDSXX_L1_1.fq.gz	/home/norman/Analysis/datasets/IAEA_sorghum_F2s_2018/Novogen_download/customer-orZgx0s6/D2_F2_89/D2_F2_89_NKD180900418-AK7210-AK9810_H7NHLDSXX_L1_2.fq.gz
D2_F2_90	D2_F2_90_vvO	ILLUMINA	/home/norman/Analysis/datasets/IAEA_sorghum_F2s_2018/Novogen_download/customer-vvOUY67l/D2_F2_90/D2_F2_90_NKD180900418-D2_F2_90_H7LYHDSXX_L1_1.fq.gz	/home/norman/Analysis/datasets/IAEA_sorghum_F2s_2018/Novogen_download/customer-vvOUY67l/D2_F2_90/D2_F2_90_NKD180900418-D2_F2_90_H7LYHDSXX_L1_2.fq.gz
D2_F2_90	D2_F2_90_orZ	ILLUMINA	/home/norman/Analysis/datasets/IAEA_sorghum_F2s_2018/Novogen_download/customer-orZgx0s6/D2_F2_90/D2_F2_90_NKD180900418-AK7210-AK9811_H7NHLDSXX_L1_1.fq.gz	/home/norman/Analysis/datasets/IAEA_sorghum_F2s_2018/Novogen_download/customer-orZgx0s6/D2_F2_90/D2_F2_90_NKD180900418-AK7210-AK9811_H7NHLDSXX_L1_2.fq.gz
D2_F2_91	D2_F2_91_vvO	ILLUMINA	/home/norman/Analysis/datasets/IAEA_sorghum_F2s_2018/Novogen_download/customer-vvOUY67l/D2_F2_91/D2_F2_91_NKD180900418-D2_F2_91_H7LYHDSXX_L1_1.fq.gz	/home/norman/Analysis/datasets/IAEA_sorghum_F2s_2018/Novogen_download/customer-vvOUY67l/D2_F2_91/D2_F2_91_NKD180900418-D2_F2_91_H7LYHDSXX_L1_2.fq.gz
D2_F2_91	D2_F2_91_orZ	ILLUMINA	/home/norman/Analysis/datasets/IAEA_sorghum_F2s_2018/Novogen_download/customer-orZgx0s6/D2_F2_91/D2_F2_91_NKD180900418-AK7210-AK9812_H7NHLDSXX_L1_1.fq.gz	/home/norman/Analysis/datasets/IAEA_sorghum_F2s_2018/Novogen_download/customer-orZgx0s6/D2_F2_91/D2_F2_91_NKD180900418-AK7210-AK9812_H7NHLDSXX_L1_2.fq.gz
D2_F2_92	D2_F2_92_vvO	ILLUMINA	/home/norman/Analysis/datasets/IAEA_sorghum_F2s_2018/Novogen_download/customer-vvOUY67l/D2_F2_92/D2_F2_92_NKD180900418-D2_F2_92_H7LYHDSXX_L1_1.fq.gz	/home/norman/Analysis/datasets/IAEA_sorghum_F2s_2018/Novogen_download/customer-vvOUY67l/D2_F2_92/D2_F2_92_NKD180900418-D2_F2_92_H7LYHDSXX_L1_2.fq.gz
D2_F2_92	D2_F2_92_orZ	ILLUMINA	/home/norman/Analysis/datasets/IAEA_sorghum_F2s_2018/Novogen_download/customer-orZgx0s6/D2_F2_92/D2_F2_92_NKD180900418-AK7210-AK9813_H7NHLDSXX_L1_1.fq.gz	/home/norman/Analysis/datasets/IAEA_sorghum_F2s_2018/Novogen_download/customer-orZgx0s6/D2_F2_92/D2_F2_92_NKD180900418-AK7210-AK9813_H7NHLDSXX_L1_2.fq.gz
D2_F2_93	D2_F2_93_vvO	ILLUMINA	/home/norman/Analysis/datasets/IAEA_sorghum_F2s_2018/Novogen_download/customer-vvOUY67l/D2_F2_93/D2_F2_93_NKD180900418-D2_F2_93_H7LYHDSXX_L1_1.fq.gz	/home/norman/Analysis/datasets/IAEA_sorghum_F2s_2018/Novogen_download/customer-vvOUY67l/D2_F2_93/D2_F2_93_NKD180900418-D2_F2_93_H7LYHDSXX_L1_2.fq.gz
D2_F2_93	D2_F2_93_orZ	ILLUMINA	/home/norman/Analysis/datasets/IAEA_sorghum_F2s_2018/Novogen_download/customer-orZgx0s6/D2_F2_93/D2_F2_93_NKD180900418-AK7210-AK9814_H7NHLDSXX_L1_1.fq.gz	/home/norman/Analysis/datasets/IAEA_sorghum_F2s_2018/Novogen_download/customer-orZgx0s6/D2_F2_93/D2_F2_93_NKD180900418-AK7210-AK9814_H7NHLDSXX_L1_2.fq.gz
D2_F2_94	D2_F2_94_vvO	ILLUMINA	/home/norman/Analysis/datasets/IAEA_sorghum_F2s_2018/Novogen_download/customer-vvOUY67l/D2_F2_94/D2_F2_94_NKD180900418-D2_F2_94_H7LYHDSXX_L1_1.fq.gz	/home/norman/Analysis/datasets/IAEA_sorghum_F2s_2018/Novogen_download/customer-vvOUY67l/D2_F2_94/D2_F2_94_NKD180900418-D2_F2_94_H7LYHDSXX_L1_2.fq.gz
D2_F2_94	D2_F2_94_orZ	ILLUMINA	/home/norman/Analysis/datasets/IAEA_sorghum_F2s_2018/Novogen_download/customer-orZgx0s6/D2_F2_94/D2_F2_94_NKD180900418-AK7210-AK4717_H7NHLDSXX_L1_1.fq.gz	/home/norman/Analysis/datasets/IAEA_sorghum_F2s_2018/Novogen_download/customer-orZgx0s6/D2_F2_94/D2_F2_94_NKD180900418-AK7210-AK4717_H7NHLDSXX_L1_2.fq.gz
D2_F2_95	D2_F2_95_vvO	ILLUMINA	/home/norman/Analysis/datasets/IAEA_sorghum_F2s_2018/Novogen_download/customer-vvOUY67l/D2_F2_95/D2_F2_95_NKD180900418-D2_F2_95_H7LYHDSXX_L1_1.fq.gz	/home/norman/Analysis/datasets/IAEA_sorghum_F2s_2018/Novogen_download/customer-vvOUY67l/D2_F2_95/D2_F2_95_NKD180900418-D2_F2_95_H7LYHDSXX_L1_2.fq.gz
D2_F2_95	D2_F2_95_orZ	ILLUMINA	/home/norman/Analysis/datasets/IAEA_sorghum_F2s_2018/Novogen_download/customer-orZgx0s6/D2_F2_95/D2_F2_95_NKD180900418-AK7210-AK9815_H7NHLDSXX_L1_1.fq.gz	/home/norman/Analysis/datasets/IAEA_sorghum_F2s_2018/Novogen_download/customer-orZgx0s6/D2_F2_95/D2_F2_95_NKD180900418-AK7210-AK9815_H7NHLDSXX_L1_2.fq.gz
D2_F2_96	D2_F2_96_vvO	ILLUMINA	/home/norman/Analysis/datasets/IAEA_sorghum_F2s_2018/Novogen_download/customer-vvOUY67l/D2_F2_96/D2_F2_96_NKD180900418-D2_F2_96_H7LYHDSXX_L1_1.fq.gz	/home/norman/Analysis/datasets/IAEA_sorghum_F2s_2018/Novogen_download/customer-vvOUY67l/D2_F2_96/D2_F2_96_NKD180900418-D2_F2_96_H7LYHDSXX_L1_2.fq.gz
D2_F2_96	D2_F2_96_orZ	ILLUMINA	/home/norman/Analysis/datasets/IAEA_sorghum_F2s_2018/Novogen_download/customer-orZgx0s6/D2_F2_96/D2_F2_96_NKD180900418-AK7210-AK9816_H7NHLDSXX_L1_1.fq.gz	/home/norman/Analysis/datasets/IAEA_sorghum_F2s_2018/Novogen_download/customer-orZgx0s6/D2_F2_96/D2_F2_96_NKD180900418-AK7210-AK9816_H7NHLDSXX_L1_2.fq.gz
D2_F2_97	D2_F2_97_vvO	ILLUMINA	/home/norman/Analysis/datasets/IAEA_sorghum_F2s_2018/Novogen_download/customer-vvOUY67l/D2_F2_97/D2_F2_97_NKD180900418-D2_F2_97_H7LYHDSXX_L1_1.fq.gz	/home/norman/Analysis/datasets/IAEA_sorghum_F2s_2018/Novogen_download/customer-vvOUY67l/D2_F2_97/D2_F2_97_NKD180900418-D2_F2_97_H7LYHDSXX_L1_2.fq.gz
D2_F2_97	D2_F2_97_orZ	ILLUMINA	/home/norman/Analysis/datasets/IAEA_sorghum_F2s_2018/Novogen_download/customer-orZgx0s6/D2_F2_97/D2_F2_97_NKD180900418-AK7138-AK9810_H7NHLDSXX_L1_1.fq.gz	/home/norman/Analysis/datasets/IAEA_sorghum_F2s_2018/Novogen_download/customer-orZgx0s6/D2_F2_97/D2_F2_97_NKD180900418-AK7138-AK9810_H7NHLDSXX_L1_2.fq.gz
D2_F2_98	D2_F2_98_vvO	ILLUMINA	/home/norman/Analysis/datasets/IAEA_sorghum_F2s_2018/Novogen_download/customer-vvOUY67l/D2_F2_98/D2_F2_98_NKD180900418-D2_F2_98_H7LYHDSXX_L1_1.fq.gz	/home/norman/Analysis/datasets/IAEA_sorghum_F2s_2018/Novogen_download/customer-vvOUY67l/D2_F2_98/D2_F2_98_NKD180900418-D2_F2_98_H7LYHDSXX_L1_2.fq.gz
D2_F2_98	D2_F2_98_orZ	ILLUMINA	/home/norman/Analysis/datasets/IAEA_sorghum_F2s_2018/Novogen_download/customer-orZgx0s6/D2_F2_98/D2_F2_98_NKD180900418-AK7138-AK9811_H7NHLDSXX_L1_1.fq.gz	/home/norman/Analysis/datasets/IAEA_sorghum_F2s_2018/Novogen_download/customer-orZgx0s6/D2_F2_98/D2_F2_98_NKD180900418-AK7138-AK9811_H7NHLDSXX_L1_2.fq.gz
D2_F2_99	D2_F2_99_vvO	ILLUMINA	/home/norman/Analysis/datasets/IAEA_sorghum_F2s_2018/Novogen_download/customer-vvOUY67l/D2_F2_99/D2_F2_99_NKD180900418-D2_F2_99_H7LYHDSXX_L1_1.fq.gz	/home/norman/Analysis/datasets/IAEA_sorghum_F2s_2018/Novogen_download/customer-vvOUY67l/D2_F2_99/D2_F2_99_NKD180900418-D2_F2_99_H7LYHDSXX_L1_2.fq.gz
D2_F2_99	D2_F2_99_orZ	ILLUMINA	/home/norman/Analysis/datasets/IAEA_sorghum_F2s_2018/Novogen_download/customer-orZgx0s6/D2_F2_99/D2_F2_99_NKD180900418-AK7138-AK9812_H7NHLDSXX_L1_1.fq.gz	/home/norman/Analysis/datasets/IAEA_sorghum_F2s_2018/Novogen_download/customer-orZgx0s6/D2_F2_99/D2_F2_99_NKD180900418-AK7138-AK9812_H7NHLDSXX_L1_2.fq.gz
D2_F2_100	D2_F2_100_orZ	ILLUMINA	/home/norman/Analysis/datasets/IAEA_sorghum_F2s_2018/Novogen_download/customer-orZgx0s6/D2_F2_100/D2_F2_100_NKD180900418-AK7138-AK9813_H7NHLDSXX_L1_1.fq.gz	/home/norman/Analysis/datasets/IAEA_sorghum_F2s_2018/Novogen_download/customer-orZgx0s6/D2_F2_100/D2_F2_100_NKD180900418-AK7138-AK9813_H7NHLDSXX_L1_2.fq.gz
D2_F2_100	D2_F2_100_9fC	ILLUMINA	/home/norman/Analysis/datasets/IAEA_sorghum_F2s_2018/Novogen_download/customer-9fC5qAZT/D2_F2_100/D2_F2_100_NKD180900418-D2_F2_100_H7LYHDSXX_L1_1.fq.gz	/home/norman/Analysis/datasets/IAEA_sorghum_F2s_2018/Novogen_download/customer-9fC5qAZT/D2_F2_100/D2_F2_100_NKD180900418-D2_F2_100_H7LYHDSXX_L1_2.fq.gz
D2_F2_101	D2_F2_101_orZ	ILLUMINA	/home/norman/Analysis/datasets/IAEA_sorghum_F2s_2018/Novogen_download/customer-orZgx0s6/D2_F2_101/D2_F2_101_NKD180900418-AK7138-AK9814_H7NHLDSXX_L1_1.fq.gz	/home/norman/Analysis/datasets/IAEA_sorghum_F2s_2018/Novogen_download/customer-orZgx0s6/D2_F2_101/D2_F2_101_NKD180900418-AK7138-AK9814_H7NHLDSXX_L1_2.fq.gz
D2_F2_101	D2_F2_101_9fC	ILLUMINA	/home/norman/Analysis/datasets/IAEA_sorghum_F2s_2018/Novogen_download/customer-9fC5qAZT/D2_F2_101/D2_F2_101_NKD180900418-D2_F2_101_H7LYHDSXX_L1_1.fq.gz	/home/norman/Analysis/datasets/IAEA_sorghum_F2s_2018/Novogen_download/customer-9fC5qAZT/D2_F2_101/D2_F2_101_NKD180900418-D2_F2_101_H7LYHDSXX_L1_2.fq.gz
D2_F2_102	D2_F2_102_orZ	ILLUMINA	/home/norman/Analysis/datasets/IAEA_sorghum_F2s_2018/Novogen_download/customer-orZgx0s6/D2_F2_102/D2_F2_102_NKD180900418-AK7138-AK4717_H7NHLDSXX_L1_1.fq.gz	/home/norman/Analysis/datasets/IAEA_sorghum_F2s_2018/Novogen_download/customer-orZgx0s6/D2_F2_102/D2_F2_102_NKD180900418-AK7138-AK4717_H7NHLDSXX_L1_2.fq.gz
D2_F2_102	D2_F2_102_9fC	ILLUMINA	/home/norman/Analysis/datasets/IAEA_sorghum_F2s_2018/Novogen_download/customer-9fC5qAZT/D2_F2_102/D2_F2_102_NKD180900418-D2_F2_102_H7LYHDSXX_L1_1.fq.gz	/home/norman/Analysis/datasets/IAEA_sorghum_F2s_2018/Novogen_download/customer-9fC5qAZT/D2_F2_102/D2_F2_102_NKD180900418-D2_F2_102_H7LYHDSXX_L1_2.fq.gz
D2_F2_103	D2_F2_103_orZ	ILLUMINA	/home/norman/Analysis/datasets/IAEA_sorghum_F2s_2018/Novogen_download/customer-orZgx0s6/D2_F2_103/D2_F2_103_NKD180900418-AK7138-AK9815_H7NHLDSXX_L1_1.fq.gz	/home/norman/Analysis/datasets/IAEA_sorghum_F2s_2018/Novogen_download/customer-orZgx0s6/D2_F2_103/D2_F2_103_NKD180900418-AK7138-AK9815_H7NHLDSXX_L1_2.fq.gz
D2_F2_103	D2_F2_103_9fC	ILLUMINA	/home/norman/Analysis/datasets/IAEA_sorghum_F2s_2018/Novogen_download/customer-9fC5qAZT/D2_F2_103/D2_F2_103_NKD180900418-D2_F2_103_H7LYHDSXX_L1_1.fq.gz	/home/norman/Analysis/datasets/IAEA_sorghum_F2s_2018/Novogen_download/customer-9fC5qAZT/D2_F2_103/D2_F2_103_NKD180900418-D2_F2_103_H7LYHDSXX_L1_2.fq.gz
D2_F2_104	D2_F2_104_orZ	ILLUMINA	/home/norman/Analysis/datasets/IAEA_sorghum_F2s_2018/Novogen_download/customer-orZgx0s6/D2_F2_104/D2_F2_104_NKD180900418-AK7138-AK9816_H7NHLDSXX_L1_1.fq.gz	/home/norman/Analysis/datasets/IAEA_sorghum_F2s_2018/Novogen_download/customer-orZgx0s6/D2_F2_104/D2_F2_104_NKD180900418-AK7138-AK9816_H7NHLDSXX_L1_2.fq.gz
D2_F2_104	D2_F2_104_9fC	ILLUMINA	/home/norman/Analysis/datasets/IAEA_sorghum_F2s_2018/Novogen_download/customer-9fC5qAZT/D2_F2_104/D2_F2_104_NKD180900418-D2_F2_104_H7LYHDSXX_L1_1.fq.gz	/home/norman/Analysis/datasets/IAEA_sorghum_F2s_2018/Novogen_download/customer-9fC5qAZT/D2_F2_104/D2_F2_104_NKD180900418-D2_F2_104_H7LYHDSXX_L1_2.fq.gz
D2_F2_105	D2_F2_105_orZ	ILLUMINA	/home/norman/Analysis/datasets/IAEA_sorghum_F2s_2018/Novogen_download/customer-orZgx0s6/D2_F2_105/D2_F2_105_NKD180900418-AK9788-AK9810_H7NHLDSXX_L1_1.fq.gz	/home/norman/Analysis/datasets/IAEA_sorghum_F2s_2018/Novogen_download/customer-orZgx0s6/D2_F2_105/D2_F2_105_NKD180900418-AK9788-AK9810_H7NHLDSXX_L1_2.fq.gz
D2_F2_105	D2_F2_105_9fC	ILLUMINA	/home/norman/Analysis/datasets/IAEA_sorghum_F2s_2018/Novogen_download/customer-9fC5qAZT/D2_F2_105/D2_F2_105_NKD180900418-D2_F2_105_H7LYHDSXX_L1_1.fq.gz	/home/norman/Analysis/datasets/IAEA_sorghum_F2s_2018/Novogen_download/customer-9fC5qAZT/D2_F2_105/D2_F2_105_NKD180900418-D2_F2_105_H7LYHDSXX_L1_2.fq.gz
D2_F2_106	D2_F2_106_orZ	ILLUMINA	/home/norman/Analysis/datasets/IAEA_sorghum_F2s_2018/Novogen_download/customer-orZgx0s6/D2_F2_106/D2_F2_106_NKD180900418-AK9788-AK9811_H7NHLDSXX_L1_1.fq.gz	/home/norman/Analysis/datasets/IAEA_sorghum_F2s_2018/Novogen_download/customer-orZgx0s6/D2_F2_106/D2_F2_106_NKD180900418-AK9788-AK9811_H7NHLDSXX_L1_2.fq.gz
D2_F2_106	D2_F2_106_9fC	ILLUMINA	/home/norman/Analysis/datasets/IAEA_sorghum_F2s_2018/Novogen_download/customer-9fC5qAZT/D2_F2_106/D2_F2_106_NKD180900418-D2_F2_106_H7LYHDSXX_L1_1.fq.gz	/home/norman/Analysis/datasets/IAEA_sorghum_F2s_2018/Novogen_download/customer-9fC5qAZT/D2_F2_106/D2_F2_106_NKD180900418-D2_F2_106_H7LYHDSXX_L1_2.fq.gz
D2_F2_107	D2_F2_107_orZ	ILLUMINA	/home/norman/Analysis/datasets/IAEA_sorghum_F2s_2018/Novogen_download/customer-orZgx0s6/D2_F2_107/D2_F2_107_NKD180900418-AK9788-AK9812_H7NHLDSXX_L1_1.fq.gz	/home/norman/Analysis/datasets/IAEA_sorghum_F2s_2018/Novogen_download/customer-orZgx0s6/D2_F2_107/D2_F2_107_NKD180900418-AK9788-AK9812_H7NHLDSXX_L1_2.fq.gz
D2_F2_107	D2_F2_107_9fC	ILLUMINA	/home/norman/Analysis/datasets/IAEA_sorghum_F2s_2018/Novogen_download/customer-9fC5qAZT/D2_F2_107/D2_F2_107_NKD180900418-D2_F2_107_H7LYHDSXX_L1_1.fq.gz	/home/norman/Analysis/datasets/IAEA_sorghum_F2s_2018/Novogen_download/customer-9fC5qAZT/D2_F2_107/D2_F2_107_NKD180900418-D2_F2_107_H7LYHDSXX_L1_2.fq.gz
D2_F2_110	D2_F2_110_orZ	ILLUMINA	/home/norman/Analysis/datasets/IAEA_sorghum_F2s_2018/Novogen_download/customer-orZgx0s6/D2_F2_110/D2_F2_110_NKD180900418-AK9788-AK4717_H7NHLDSXX_L1_1.fq.gz	/home/norman/Analysis/datasets/IAEA_sorghum_F2s_2018/Novogen_download/customer-orZgx0s6/D2_F2_110/D2_F2_110_NKD180900418-AK9788-AK4717_H7NHLDSXX_L1_2.fq.gz
D2_F2_110	D2_F2_110_9fC	ILLUMINA	/home/norman/Analysis/datasets/IAEA_sorghum_F2s_2018/Novogen_download/customer-9fC5qAZT/D2_F2_110/D2_F2_110_NKD180900418-D2_F2_110_H7LYHDSXX_L1_1.fq.gz	/home/norman/Analysis/datasets/IAEA_sorghum_F2s_2018/Novogen_download/customer-9fC5qAZT/D2_F2_110/D2_F2_110_NKD180900418-D2_F2_110_H7LYHDSXX_L1_2.fq.gz
D2_F2_111	D2_F2_111_orZ	ILLUMINA	/home/norman/Analysis/datasets/IAEA_sorghum_F2s_2018/Novogen_download/customer-orZgx0s6/D2_F2_111/D2_F2_111_NKD180900418-AK9788-AK9815_H7NHLDSXX_L1_1.fq.gz	/home/norman/Analysis/datasets/IAEA_sorghum_F2s_2018/Novogen_download/customer-orZgx0s6/D2_F2_111/D2_F2_111_NKD180900418-AK9788-AK9815_H7NHLDSXX_L1_2.fq.gz
D2_F2_111	D2_F2_111_9fC	ILLUMINA	/home/norman/Analysis/datasets/IAEA_sorghum_F2s_2018/Novogen_download/customer-9fC5qAZT/D2_F2_111/D2_F2_111_NKD180900418-D2_F2_111_H7LYHDSXX_L1_1.fq.gz	/home/norman/Analysis/datasets/IAEA_sorghum_F2s_2018/Novogen_download/customer-9fC5qAZT/D2_F2_111/D2_F2_111_NKD180900418-D2_F2_111_H7LYHDSXX_L1_2.fq.gz
D2_F2_112	D2_F2_112_orZ	ILLUMINA	/home/norman/Analysis/datasets/IAEA_sorghum_F2s_2018/Novogen_download/customer-orZgx0s6/D2_F2_112/D2_F2_112_NKD180900418-AK9788-AK9816_H7NHLDSXX_L1_1.fq.gz	/home/norman/Analysis/datasets/IAEA_sorghum_F2s_2018/Novogen_download/customer-orZgx0s6/D2_F2_112/D2_F2_112_NKD180900418-AK9788-AK9816_H7NHLDSXX_L1_2.fq.gz
D2_F2_112	D2_F2_112_9fC	ILLUMINA	/home/norman/Analysis/datasets/IAEA_sorghum_F2s_2018/Novogen_download/customer-9fC5qAZT/D2_F2_112/D2_F2_112_NKD180900418-D2_F2_112_H7LYHDSXX_L1_1.fq.gz	/home/norman/Analysis/datasets/IAEA_sorghum_F2s_2018/Novogen_download/customer-9fC5qAZT/D2_F2_112/D2_F2_112_NKD180900418-D2_F2_112_H7LYHDSXX_L1_2.fq.gz
D2_F2_113	D2_F2_113_orZ	ILLUMINA	/home/norman/Analysis/datasets/IAEA_sorghum_F2s_2018/Novogen_download/customer-orZgx0s6/D2_F2_113/D2_F2_113_NKD180900418-AK9789-AK9810_H7NHLDSXX_L1_1.fq.gz	/home/norman/Analysis/datasets/IAEA_sorghum_F2s_2018/Novogen_download/customer-orZgx0s6/D2_F2_113/D2_F2_113_NKD180900418-AK9789-AK9810_H7NHLDSXX_L1_2.fq.gz
D2_F2_113	D2_F2_113_9fC	ILLUMINA	/home/norman/Analysis/datasets/IAEA_sorghum_F2s_2018/Novogen_download/customer-9fC5qAZT/D2_F2_113/D2_F2_113_NKD180900418-D2_F2_113_H7LYHDSXX_L1_1.fq.gz	/home/norman/Analysis/datasets/IAEA_sorghum_F2s_2018/Novogen_download/customer-9fC5qAZT/D2_F2_113/D2_F2_113_NKD180900418-D2_F2_113_H7LYHDSXX_L1_2.fq.gz
D2_F2_114	D2_F2_114_orZ	ILLUMINA	/home/norman/Analysis/datasets/IAEA_sorghum_F2s_2018/Novogen_download/customer-orZgx0s6/D2_F2_114/D2_F2_114_NKD180900418-AK9789-AK9811_H7NHLDSXX_L1_1.fq.gz	/home/norman/Analysis/datasets/IAEA_sorghum_F2s_2018/Novogen_download/customer-orZgx0s6/D2_F2_114/D2_F2_114_NKD180900418-AK9789-AK9811_H7NHLDSXX_L1_2.fq.gz
D2_F2_114	D2_F2_114_9fC	ILLUMINA	/home/norman/Analysis/datasets/IAEA_sorghum_F2s_2018/Novogen_download/customer-9fC5qAZT/D2_F2_114/D2_F2_114_NKD180900418-D2_F2_114_H7LYHDSXX_L1_1.fq.gz	/home/norman/Analysis/datasets/IAEA_sorghum_F2s_2018/Novogen_download/customer-9fC5qAZT/D2_F2_114/D2_F2_114_NKD180900418-D2_F2_114_H7LYHDSXX_L1_2.fq.gz
D2_F2_120	D2_F2_120_orZ	ILLUMINA	/home/norman/Analysis/datasets/IAEA_sorghum_F2s_2018/Novogen_download/customer-orZgx0s6/D2_F2_120/D2_F2_120_NKD180900418-AK9789-AK9816_H7NHLDSXX_L1_1.fq.gz	/home/norman/Analysis/datasets/IAEA_sorghum_F2s_2018/Novogen_download/customer-orZgx0s6/D2_F2_120/D2_F2_120_NKD180900418-AK9789-AK9816_H7NHLDSXX_L1_2.fq.gz
D2_F2_120	D2_F2_120_9fC	ILLUMINA	/home/norman/Analysis/datasets/IAEA_sorghum_F2s_2018/Novogen_download/customer-9fC5qAZT/D2_F2_120/D2_F2_120_NKD180900418-D2_F2_120_H7LYHDSXX_L1_1.fq.gz	/home/norman/Analysis/datasets/IAEA_sorghum_F2s_2018/Novogen_download/customer-9fC5qAZT/D2_F2_120/D2_F2_120_NKD180900418-D2_F2_120_H7LYHDSXX_L1_2.fq.gz
D2_F2_121	D2_F2_121_orZ	ILLUMINA	/home/norman/Analysis/datasets/IAEA_sorghum_F2s_2018/Novogen_download/customer-orZgx0s6/D2_F2_121/D2_F2_121_NKD180900418-AK9790-AK9810_H7NHLDSXX_L1_1.fq.gz	/home/norman/Analysis/datasets/IAEA_sorghum_F2s_2018/Novogen_download/customer-orZgx0s6/D2_F2_121/D2_F2_121_NKD180900418-AK9790-AK9810_H7NHLDSXX_L1_2.fq.gz
D2_F2_121	D2_F2_121_9fC	ILLUMINA	/home/norman/Analysis/datasets/IAEA_sorghum_F2s_2018/Novogen_download/customer-9fC5qAZT/D2_F2_121/D2_F2_121_NKD180900418-D2_F2_121_H7LYHDSXX_L1_1.fq.gz	/home/norman/Analysis/datasets/IAEA_sorghum_F2s_2018/Novogen_download/customer-9fC5qAZT/D2_F2_121/D2_F2_121_NKD180900418-D2_F2_121_H7LYHDSXX_L1_2.fq.gz
D2_F2_122	D2_F2_122_orZ	ILLUMINA	/home/norman/Analysis/datasets/IAEA_sorghum_F2s_2018/Novogen_download/customer-orZgx0s6/D2_F2_122/D2_F2_122_NKD180900418-AK9790-AK9811_H7NHLDSXX_L1_1.fq.gz	/home/norman/Analysis/datasets/IAEA_sorghum_F2s_2018/Novogen_download/customer-orZgx0s6/D2_F2_122/D2_F2_122_NKD180900418-AK9790-AK9811_H7NHLDSXX_L1_2.fq.gz
D2_F2_122	D2_F2_122_9fC	ILLUMINA	/home/norman/Analysis/datasets/IAEA_sorghum_F2s_2018/Novogen_download/customer-9fC5qAZT/D2_F2_122/D2_F2_122_NKD180900418-D2_F2_122_H7LYHDSXX_L1_1.fq.gz	/home/norman/Analysis/datasets/IAEA_sorghum_F2s_2018/Novogen_download/customer-9fC5qAZT/D2_F2_122/D2_F2_122_NKD180900418-D2_F2_122_H7LYHDSXX_L1_2.fq.gz
D2_F2_125	D2_F2_125_orZ	ILLUMINA	/home/norman/Analysis/datasets/IAEA_sorghum_F2s_2018/Novogen_download/customer-orZgx0s6/D2_F2_125/D2_F2_125_NKD180900418-AK9790-AK9814_H7NHLDSXX_L1_1.fq.gz	/home/norman/Analysis/datasets/IAEA_sorghum_F2s_2018/Novogen_download/customer-orZgx0s6/D2_F2_125/D2_F2_125_NKD180900418-AK9790-AK9814_H7NHLDSXX_L1_2.fq.gz
D2_F2_125	D2_F2_125_9fC	ILLUMINA	/home/norman/Analysis/datasets/IAEA_sorghum_F2s_2018/Novogen_download/customer-9fC5qAZT/D2_F2_125/D2_F2_125_NKD180900418-D2_F2_125_H7LYHDSXX_L1_1.fq.gz	/home/norman/Analysis/datasets/IAEA_sorghum_F2s_2018/Novogen_download/customer-9fC5qAZT/D2_F2_125/D2_F2_125_NKD180900418-D2_F2_125_H7LYHDSXX_L1_2.fq.gz
D2_F2_126	D2_F2_126_orZ	ILLUMINA	/home/norman/Analysis/datasets/IAEA_sorghum_F2s_2018/Novogen_download/customer-orZgx0s6/D2_F2_126/D2_F2_126_NKD180900418-AK9790-AK4717_H7NHLDSXX_L1_1.fq.gz	/home/norman/Analysis/datasets/IAEA_sorghum_F2s_2018/Novogen_download/customer-orZgx0s6/D2_F2_126/D2_F2_126_NKD180900418-AK9790-AK4717_H7NHLDSXX_L1_2.fq.gz
D2_F2_126	D2_F2_126_9fC	ILLUMINA	/home/norman/Analysis/datasets/IAEA_sorghum_F2s_2018/Novogen_download/customer-9fC5qAZT/D2_F2_126/D2_F2_126_NKD180900418-D2_F2_126_H7LYHDSXX_L1_1.fq.gz	/home/norman/Analysis/datasets/IAEA_sorghum_F2s_2018/Novogen_download/customer-9fC5qAZT/D2_F2_126/D2_F2_126_NKD180900418-D2_F2_126_H7LYHDSXX_L1_2.fq.gz
D2_F2_127	D2_F2_127_orZ	ILLUMINA	/home/norman/Analysis/datasets/IAEA_sorghum_F2s_2018/Novogen_download/customer-orZgx0s6/D2_F2_127/D2_F2_127_NKD180900418-AK9790-AK9815_H7NHLDSXX_L1_1.fq.gz	/home/norman/Analysis/datasets/IAEA_sorghum_F2s_2018/Novogen_download/customer-orZgx0s6/D2_F2_127/D2_F2_127_NKD180900418-AK9790-AK9815_H7NHLDSXX_L1_2.fq.gz
D2_F2_127	D2_F2_127_9fC	ILLUMINA	/home/norman/Analysis/datasets/IAEA_sorghum_F2s_2018/Novogen_download/customer-9fC5qAZT/D2_F2_127/D2_F2_127_NKD180900418-D2_F2_127_H7LYHDSXX_L1_1.fq.gz	/home/norman/Analysis/datasets/IAEA_sorghum_F2s_2018/Novogen_download/customer-9fC5qAZT/D2_F2_127/D2_F2_127_NKD180900418-D2_F2_127_H7LYHDSXX_L1_2.fq.gz
D2_F2_128	D2_F2_128_orZ	ILLUMINA	/home/norman/Analysis/datasets/IAEA_sorghum_F2s_2018/Novogen_download/customer-orZgx0s6/D2_F2_128/D2_F2_128_NKD180900418-AK9790-AK9816_H7NHLDSXX_L1_1.fq.gz	/home/norman/Analysis/datasets/IAEA_sorghum_F2s_2018/Novogen_download/customer-orZgx0s6/D2_F2_128/D2_F2_128_NKD180900418-AK9790-AK9816_H7NHLDSXX_L1_2.fq.gz
D2_F2_128	D2_F2_128_9fC	ILLUMINA	/home/norman/Analysis/datasets/IAEA_sorghum_F2s_2018/Novogen_download/customer-9fC5qAZT/D2_F2_128/D2_F2_128_NKD180900418-D2_F2_128_H7LYHDSXX_L1_1.fq.gz	/home/norman/Analysis/datasets/IAEA_sorghum_F2s_2018/Novogen_download/customer-9fC5qAZT/D2_F2_128/D2_F2_128_NKD180900418-D2_F2_128_H7LYHDSXX_L1_2.fq.gz
D2_F2_130	D2_F2_130_orZ	ILLUMINA	/home/norman/Analysis/datasets/IAEA_sorghum_F2s_2018/Novogen_download/customer-orZgx0s6/D2_F2_130/D2_F2_130_NKD180900418-AK9791-AK9811_H7NHLDSXX_L1_1.fq.gz	/home/norman/Analysis/datasets/IAEA_sorghum_F2s_2018/Novogen_download/customer-orZgx0s6/D2_F2_130/D2_F2_130_NKD180900418-AK9791-AK9811_H7NHLDSXX_L1_2.fq.gz
D2_F2_130	D2_F2_130_9fC	ILLUMINA	/home/norman/Analysis/datasets/IAEA_sorghum_F2s_2018/Novogen_download/customer-9fC5qAZT/D2_F2_130/D2_F2_130_NKD180900418-D2_F2_130_H7LYHDSXX_L1_1.fq.gz	/home/norman/Analysis/datasets/IAEA_sorghum_F2s_2018/Novogen_download/customer-9fC5qAZT/D2_F2_130/D2_F2_130_NKD180900418-D2_F2_130_H7LYHDSXX_L1_2.fq.gz
D2_F2_131	D2_F2_131_orZ	ILLUMINA	/home/norman/Analysis/datasets/IAEA_sorghum_F2s_2018/Novogen_download/customer-orZgx0s6/D2_F2_131/D2_F2_131_NKD180900418-AK9791-AK9812_H7NHLDSXX_L1_1.fq.gz	/home/norman/Analysis/datasets/IAEA_sorghum_F2s_2018/Novogen_download/customer-orZgx0s6/D2_F2_131/D2_F2_131_NKD180900418-AK9791-AK9812_H7NHLDSXX_L1_2.fq.gz
D2_F2_131	D2_F2_131_9fC	ILLUMINA	/home/norman/Analysis/datasets/IAEA_sorghum_F2s_2018/Novogen_download/customer-9fC5qAZT/D2_F2_131/D2_F2_131_NKD180900418-D2_F2_131_H7LYHDSXX_L1_1.fq.gz	/home/norman/Analysis/datasets/IAEA_sorghum_F2s_2018/Novogen_download/customer-9fC5qAZT/D2_F2_131/D2_F2_131_NKD180900418-D2_F2_131_H7LYHDSXX_L1_2.fq.gz
D2_F2_133	D2_F2_133_orZ	ILLUMINA	/home/norman/Analysis/datasets/IAEA_sorghum_F2s_2018/Novogen_download/customer-orZgx0s6/D2_F2_133/D2_F2_133_NKD180900418-AK9791-AK9814_H7NHLDSXX_L1_1.fq.gz	/home/norman/Analysis/datasets/IAEA_sorghum_F2s_2018/Novogen_download/customer-orZgx0s6/D2_F2_133/D2_F2_133_NKD180900418-AK9791-AK9814_H7NHLDSXX_L1_2.fq.gz
D2_F2_133	D2_F2_133_9fC	ILLUMINA	/home/norman/Analysis/datasets/IAEA_sorghum_F2s_2018/Novogen_download/customer-9fC5qAZT/D2_F2_133/D2_F2_133_NKD180900418-D2_F2_133_H7LYHDSXX_L1_1.fq.gz	/home/norman/Analysis/datasets/IAEA_sorghum_F2s_2018/Novogen_download/customer-9fC5qAZT/D2_F2_133/D2_F2_133_NKD180900418-D2_F2_133_H7LYHDSXX_L1_2.fq.gz
D2_F2_135	D2_F2_135_orZ	ILLUMINA	/home/norman/Analysis/datasets/IAEA_sorghum_F2s_2018/Novogen_download/customer-orZgx0s6/D2_F2_135/D2_F2_135_NKD180900418-AK9791-AK9815_H7NHLDSXX_L1_1.fq.gz	/home/norman/Analysis/datasets/IAEA_sorghum_F2s_2018/Novogen_download/customer-orZgx0s6/D2_F2_135/D2_F2_135_NKD180900418-AK9791-AK9815_H7NHLDSXX_L1_2.fq.gz
D2_F2_135	D2_F2_135_9fC	ILLUMINA	/home/norman/Analysis/datasets/IAEA_sorghum_F2s_2018/Novogen_download/customer-9fC5qAZT/D2_F2_135/D2_F2_135_NKD180900418-D2_F2_135_H7LYHDSXX_L1_1.fq.gz	/home/norman/Analysis/datasets/IAEA_sorghum_F2s_2018/Novogen_download/customer-9fC5qAZT/D2_F2_135/D2_F2_135_NKD180900418-D2_F2_135_H7LYHDSXX_L1_2.fq.gz
D2_F2_137	D2_F2_137_orZ	ILLUMINA	/home/norman/Analysis/datasets/IAEA_sorghum_F2s_2018/Novogen_download/customer-orZgx0s6/D2_F2_137/D2_F2_137_NKD180900418-AK9792-AK9810_H7NHLDSXX_L1_1.fq.gz	/home/norman/Analysis/datasets/IAEA_sorghum_F2s_2018/Novogen_download/customer-orZgx0s6/D2_F2_137/D2_F2_137_NKD180900418-AK9792-AK9810_H7NHLDSXX_L1_2.fq.gz
D2_F2_137	D2_F2_137_9fC	ILLUMINA	/home/norman/Analysis/datasets/IAEA_sorghum_F2s_2018/Novogen_download/customer-9fC5qAZT/D2_F2_137/D2_F2_137_NKD180900418-D2_F2_137_H7LYHDSXX_L1_1.fq.gz	/home/norman/Analysis/datasets/IAEA_sorghum_F2s_2018/Novogen_download/customer-9fC5qAZT/D2_F2_137/D2_F2_137_NKD180900418-D2_F2_137_H7LYHDSXX_L1_2.fq.gz
D2_F2_138	D2_F2_138_orZ	ILLUMINA	/home/norman/Analysis/datasets/IAEA_sorghum_F2s_2018/Novogen_download/customer-orZgx0s6/D2_F2_138/D2_F2_138_NKD180900418-AK9792-AK9811_H7NHLDSXX_L1_1.fq.gz	/home/norman/Analysis/datasets/IAEA_sorghum_F2s_2018/Novogen_download/customer-orZgx0s6/D2_F2_138/D2_F2_138_NKD180900418-AK9792-AK9811_H7NHLDSXX_L1_2.fq.gz
D2_F2_138	D2_F2_138_9fC	ILLUMINA	/home/norman/Analysis/datasets/IAEA_sorghum_F2s_2018/Novogen_download/customer-9fC5qAZT/D2_F2_138/D2_F2_138_NKD180900418-D2_F2_138_H7LYHDSXX_L1_1.fq.gz	/home/norman/Analysis/datasets/IAEA_sorghum_F2s_2018/Novogen_download/customer-9fC5qAZT/D2_F2_138/D2_F2_138_NKD180900418-D2_F2_138_H7LYHDSXX_L1_2.fq.gz
D2_F2_141	D2_F2_141_orZ	ILLUMINA	/home/norman/Analysis/datasets/IAEA_sorghum_F2s_2018/Novogen_download/customer-orZgx0s6/D2_F2_141/D2_F2_141_NKD180900418-AK9792-AK9814_H7NHLDSXX_L1_1.fq.gz	/home/norman/Analysis/datasets/IAEA_sorghum_F2s_2018/Novogen_download/customer-orZgx0s6/D2_F2_141/D2_F2_141_NKD180900418-AK9792-AK9814_H7NHLDSXX_L1_2.fq.gz
D2_F2_141	D2_F2_141_9fC	ILLUMINA	/home/norman/Analysis/datasets/IAEA_sorghum_F2s_2018/Novogen_download/customer-9fC5qAZT/D2_F2_141/D2_F2_141_NKD180900418-D2_F2_141_H7LYHDSXX_L1_1.fq.gz	/home/norman/Analysis/datasets/IAEA_sorghum_F2s_2018/Novogen_download/customer-9fC5qAZT/D2_F2_141/D2_F2_141_NKD180900418-D2_F2_141_H7LYHDSXX_L1_2.fq.gz
D2_F2_142	D2_F2_142_orZ	ILLUMINA	/home/norman/Analysis/datasets/IAEA_sorghum_F2s_2018/Novogen_download/customer-orZgx0s6/D2_F2_142/D2_F2_142_NKD180900418-AK9792-AK4717_H7NHLDSXX_L1_1.fq.gz	/home/norman/Analysis/datasets/IAEA_sorghum_F2s_2018/Novogen_download/customer-orZgx0s6/D2_F2_142/D2_F2_142_NKD180900418-AK9792-AK4717_H7NHLDSXX_L1_2.fq.gz
D2_F2_142	D2_F2_142_9fC	ILLUMINA	/home/norman/Analysis/datasets/IAEA_sorghum_F2s_2018/Novogen_download/customer-9fC5qAZT/D2_F2_142/D2_F2_142_NKD180900418-D2_F2_142_H7LYHDSXX_L1_1.fq.gz	/home/norman/Analysis/datasets/IAEA_sorghum_F2s_2018/Novogen_download/customer-9fC5qAZT/D2_F2_142/D2_F2_142_NKD180900418-D2_F2_142_H7LYHDSXX_L1_2.fq.gz
D2_F2_143	D2_F2_143_orZ	ILLUMINA	/home/norman/Analysis/datasets/IAEA_sorghum_F2s_2018/Novogen_download/customer-orZgx0s6/D2_F2_143/D2_F2_143_NKD180900418-AK9792-AK9815_H7NHLDSXX_L1_1.fq.gz	/home/norman/Analysis/datasets/IAEA_sorghum_F2s_2018/Novogen_download/customer-orZgx0s6/D2_F2_143/D2_F2_143_NKD180900418-AK9792-AK9815_H7NHLDSXX_L1_2.fq.gz
D2_F2_143	D2_F2_143_9fC	ILLUMINA	/home/norman/Analysis/datasets/IAEA_sorghum_F2s_2018/Novogen_download/customer-9fC5qAZT/D2_F2_143/D2_F2_143_NKD180900418-D2_F2_143_H7LYHDSXX_L1_1.fq.gz	/home/norman/Analysis/datasets/IAEA_sorghum_F2s_2018/Novogen_download/customer-9fC5qAZT/D2_F2_143/D2_F2_143_NKD180900418-D2_F2_143_H7LYHDSXX_L1_2.fq.gz
D2_F2_144	D2_F2_144_orZ	ILLUMINA	/home/norman/Analysis/datasets/IAEA_sorghum_F2s_2018/Novogen_download/customer-orZgx0s6/D2_F2_144/D2_F2_144_NKD180900418-AK9792-AK9816_H7NHLDSXX_L1_1.fq.gz	/home/norman/Analysis/datasets/IAEA_sorghum_F2s_2018/Novogen_download/customer-orZgx0s6/D2_F2_144/D2_F2_144_NKD180900418-AK9792-AK9816_H7NHLDSXX_L1_2.fq.gz
D2_F2_144	D2_F2_144_9fC	ILLUMINA	/home/norman/Analysis/datasets/IAEA_sorghum_F2s_2018/Novogen_download/customer-9fC5qAZT/D2_F2_144/D2_F2_144_NKD180900418-D2_F2_144_H7LYHDSXX_L1_1.fq.gz	/home/norman/Analysis/datasets/IAEA_sorghum_F2s_2018/Novogen_download/customer-9fC5qAZT/D2_F2_144/D2_F2_144_NKD180900418-D2_F2_144_H7LYHDSXX_L1_2.fq.gz
D2_F2_145	D2_F2_145_orZ	ILLUMINA	/home/norman/Analysis/datasets/IAEA_sorghum_F2s_2018/Novogen_download/customer-orZgx0s6/D2_F2_145/D2_F2_145_NKD180900418-AK9793-AK9810_H7NHLDSXX_L1_1.fq.gz	/home/norman/Analysis/datasets/IAEA_sorghum_F2s_2018/Novogen_download/customer-orZgx0s6/D2_F2_145/D2_F2_145_NKD180900418-AK9793-AK9810_H7NHLDSXX_L1_2.fq.gz
D2_F2_145	D2_F2_145_9fC	ILLUMINA	/home/norman/Analysis/datasets/IAEA_sorghum_F2s_2018/Novogen_download/customer-9fC5qAZT/D2_F2_145/D2_F2_145_NKD180900418-D2_F2_145_H7LYHDSXX_L1_1.fq.gz	/home/norman/Analysis/datasets/IAEA_sorghum_F2s_2018/Novogen_download/customer-9fC5qAZT/D2_F2_145/D2_F2_145_NKD180900418-D2_F2_145_H7LYHDSXX_L1_2.fq.gz
D2_F2_147	D2_F2_147_orZ	ILLUMINA	/home/norman/Analysis/datasets/IAEA_sorghum_F2s_2018/Novogen_download/customer-orZgx0s6/D2_F2_147/D2_F2_147_NKD180900418-AK9793-AK9812_H7NHLDSXX_L1_1.fq.gz	/home/norman/Analysis/datasets/IAEA_sorghum_F2s_2018/Novogen_download/customer-orZgx0s6/D2_F2_147/D2_F2_147_NKD180900418-AK9793-AK9812_H7NHLDSXX_L1_2.fq.gz
D2_F2_147	D2_F2_147_9fC	ILLUMINA	/home/norman/Analysis/datasets/IAEA_sorghum_F2s_2018/Novogen_download/customer-9fC5qAZT/D2_F2_147/D2_F2_147_NKD180900418-D2_F2_147_H7LYHDSXX_L1_1.fq.gz	/home/norman/Analysis/datasets/IAEA_sorghum_F2s_2018/Novogen_download/customer-9fC5qAZT/D2_F2_147/D2_F2_147_NKD180900418-D2_F2_147_H7LYHDSXX_L1_2.fq.gz
D2_F2_148	D2_F2_148_orZ	ILLUMINA	/home/norman/Analysis/datasets/IAEA_sorghum_F2s_2018/Novogen_download/customer-orZgx0s6/D2_F2_148/D2_F2_148_NKD180900418-AK9793-AK9813_H7NHLDSXX_L1_1.fq.gz	/home/norman/Analysis/datasets/IAEA_sorghum_F2s_2018/Novogen_download/customer-orZgx0s6/D2_F2_148/D2_F2_148_NKD180900418-AK9793-AK9813_H7NHLDSXX_L1_2.fq.gz
D2_F2_148	D2_F2_148_9fC	ILLUMINA	/home/norman/Analysis/datasets/IAEA_sorghum_F2s_2018/Novogen_download/customer-9fC5qAZT/D2_F2_148/D2_F2_148_NKD180900418-D2_F2_148_H7LYHDSXX_L1_1.fq.gz	/home/norman/Analysis/datasets/IAEA_sorghum_F2s_2018/Novogen_download/customer-9fC5qAZT/D2_F2_148/D2_F2_148_NKD180900418-D2_F2_148_H7LYHDSXX_L1_2.fq.gz
D2_F2_149	D2_F2_149_orZ	ILLUMINA	/home/norman/Analysis/datasets/IAEA_sorghum_F2s_2018/Novogen_download/customer-orZgx0s6/D2_F2_149/D2_F2_149_NKD180900418-AK9793-AK9814_H7NHLDSXX_L1_1.fq.gz	/home/norman/Analysis/datasets/IAEA_sorghum_F2s_2018/Novogen_download/customer-orZgx0s6/D2_F2_149/D2_F2_149_NKD180900418-AK9793-AK9814_H7NHLDSXX_L1_2.fq.gz
D2_F2_149	D2_F2_149_9fC	ILLUMINA	/home/norman/Analysis/datasets/IAEA_sorghum_F2s_2018/Novogen_download/customer-9fC5qAZT/D2_F2_149/D2_F2_149_NKD180900418-D2_F2_149_H7LYHDSXX_L1_1.fq.gz	/home/norman/Analysis/datasets/IAEA_sorghum_F2s_2018/Novogen_download/customer-9fC5qAZT/D2_F2_149/D2_F2_149_NKD180900418-D2_F2_149_H7LYHDSXX_L1_2.fq.gz
D2_F2_150	D2_F2_150_orZ	ILLUMINA	/home/norman/Analysis/datasets/IAEA_sorghum_F2s_2018/Novogen_download/customer-orZgx0s6/D2_F2_150/D2_F2_150_NKD180900418-AK9793-AK4717_H7NHLDSXX_L1_1.fq.gz	/home/norman/Analysis/datasets/IAEA_sorghum_F2s_2018/Novogen_download/customer-orZgx0s6/D2_F2_150/D2_F2_150_NKD180900418-AK9793-AK4717_H7NHLDSXX_L1_2.fq.gz
D2_F2_150	D2_F2_150_9fC	ILLUMINA	/home/norman/Analysis/datasets/IAEA_sorghum_F2s_2018/Novogen_download/customer-9fC5qAZT/D2_F2_150/D2_F2_150_NKD180900418-D2_F2_150_H7LYHDSXX_L1_1.fq.gz	/home/norman/Analysis/datasets/IAEA_sorghum_F2s_2018/Novogen_download/customer-9fC5qAZT/D2_F2_150/D2_F2_150_NKD180900418-D2_F2_150_H7LYHDSXX_L1_2.fq.gz
D2_F2_151	D2_F2_151_orZ	ILLUMINA	/home/norman/Analysis/datasets/IAEA_sorghum_F2s_2018/Novogen_download/customer-orZgx0s6/D2_F2_151/D2_F2_151_NKD180900418-AK9793-AK9815_H7NHLDSXX_L1_1.fq.gz	/home/norman/Analysis/datasets/IAEA_sorghum_F2s_2018/Novogen_download/customer-orZgx0s6/D2_F2_151/D2_F2_151_NKD180900418-AK9793-AK9815_H7NHLDSXX_L1_2.fq.gz
D2_F2_151	D2_F2_151_9fC	ILLUMINA	/home/norman/Analysis/datasets/IAEA_sorghum_F2s_2018/Novogen_download/customer-9fC5qAZT/D2_F2_151/D2_F2_151_NKD180900418-D2_F2_151_H7LYHDSXX_L1_1.fq.gz	/home/norman/Analysis/datasets/IAEA_sorghum_F2s_2018/Novogen_download/customer-9fC5qAZT/D2_F2_151/D2_F2_151_NKD180900418-D2_F2_151_H7LYHDSXX_L1_2.fq.gz
D2_F2_152	D2_F2_152_orZ	ILLUMINA	/home/norman/Analysis/datasets/IAEA_sorghum_F2s_2018/Novogen_download/customer-orZgx0s6/D2_F2_152/D2_F2_152_NKD180900418-AK9793-AK9816_H7NHLDSXX_L1_1.fq.gz	/home/norman/Analysis/datasets/IAEA_sorghum_F2s_2018/Novogen_download/customer-orZgx0s6/D2_F2_152/D2_F2_152_NKD180900418-AK9793-AK9816_H7NHLDSXX_L1_2.fq.gz
D2_F2_152	D2_F2_152_9fC	ILLUMINA	/home/norman/Analysis/datasets/IAEA_sorghum_F2s_2018/Novogen_download/customer-9fC5qAZT/D2_F2_152/D2_F2_152_NKD180900418-D2_F2_152_H7LYHDSXX_L1_1.fq.gz	/home/norman/Analysis/datasets/IAEA_sorghum_F2s_2018/Novogen_download/customer-9fC5qAZT/D2_F2_152/D2_F2_152_NKD180900418-D2_F2_152_H7LYHDSXX_L1_2.fq.gz
D2_F2_153	D2_F2_153_orZ	ILLUMINA	/home/norman/Analysis/datasets/IAEA_sorghum_F2s_2018/Novogen_download/customer-orZgx0s6/D2_F2_153/D2_F2_153_NKD180900418-AK9794-AK9810_H7NHLDSXX_L1_1.fq.gz	/home/norman/Analysis/datasets/IAEA_sorghum_F2s_2018/Novogen_download/customer-orZgx0s6/D2_F2_153/D2_F2_153_NKD180900418-AK9794-AK9810_H7NHLDSXX_L1_2.fq.gz
D2_F2_153	D2_F2_153_9fC	ILLUMINA	/home/norman/Analysis/datasets/IAEA_sorghum_F2s_2018/Novogen_download/customer-9fC5qAZT/D2_F2_153/D2_F2_153_NKD180900418-D2_F2_153_H7LYHDSXX_L1_1.fq.gz	/home/norman/Analysis/datasets/IAEA_sorghum_F2s_2018/Novogen_download/customer-9fC5qAZT/D2_F2_153/D2_F2_153_NKD180900418-D2_F2_153_H7LYHDSXX_L1_2.fq.gz
D2_F2_154	D2_F2_154_orZ	ILLUMINA	/home/norman/Analysis/datasets/IAEA_sorghum_F2s_2018/Novogen_download/customer-orZgx0s6/D2_F2_154/D2_F2_154_NKD180900418-AK9794-AK9811_H7NHLDSXX_L1_1.fq.gz	/home/norman/Analysis/datasets/IAEA_sorghum_F2s_2018/Novogen_download/customer-orZgx0s6/D2_F2_154/D2_F2_154_NKD180900418-AK9794-AK9811_H7NHLDSXX_L1_2.fq.gz
D2_F2_154	D2_F2_154_9fC	ILLUMINA	/home/norman/Analysis/datasets/IAEA_sorghum_F2s_2018/Novogen_download/customer-9fC5qAZT/D2_F2_154/D2_F2_154_NKD180900418-D2_F2_154_H7LYHDSXX_L1_1.fq.gz	/home/norman/Analysis/datasets/IAEA_sorghum_F2s_2018/Novogen_download/customer-9fC5qAZT/D2_F2_154/D2_F2_154_NKD180900418-D2_F2_154_H7LYHDSXX_L1_2.fq.gz
D2_F2_158	D2_F2_158_orZ	ILLUMINA	/home/norman/Analysis/datasets/IAEA_sorghum_F2s_2018/Novogen_download/customer-orZgx0s6/D2_F2_158/D2_F2_158_NKD180900418-AK9794-AK4717_H7NHLDSXX_L1_1.fq.gz	/home/norman/Analysis/datasets/IAEA_sorghum_F2s_2018/Novogen_download/customer-orZgx0s6/D2_F2_158/D2_F2_158_NKD180900418-AK9794-AK4717_H7NHLDSXX_L1_2.fq.gz
D2_F2_158	D2_F2_158_9fC	ILLUMINA	/home/norman/Analysis/datasets/IAEA_sorghum_F2s_2018/Novogen_download/customer-9fC5qAZT/D2_F2_158/D2_F2_158_NKD180900418-D2_F2_158_H7LYHDSXX_L1_1.fq.gz	/home/norman/Analysis/datasets/IAEA_sorghum_F2s_2018/Novogen_download/customer-9fC5qAZT/D2_F2_158/D2_F2_158_NKD180900418-D2_F2_158_H7LYHDSXX_L1_2.fq.gz
D2_F2_159	D2_F2_159_orZ	ILLUMINA	/home/norman/Analysis/datasets/IAEA_sorghum_F2s_2018/Novogen_download/customer-orZgx0s6/D2_F2_159/D2_F2_159_NKD180900418-AK9794-AK9815_H7NHLDSXX_L1_1.fq.gz	/home/norman/Analysis/datasets/IAEA_sorghum_F2s_2018/Novogen_download/customer-orZgx0s6/D2_F2_159/D2_F2_159_NKD180900418-AK9794-AK9815_H7NHLDSXX_L1_2.fq.gz
D2_F2_159	D2_F2_159_9fC	ILLUMINA	/home/norman/Analysis/datasets/IAEA_sorghum_F2s_2018/Novogen_download/customer-9fC5qAZT/D2_F2_159/D2_F2_159_NKD180900418-D2_F2_159_H7LYHDSXX_L1_1.fq.gz	/home/norman/Analysis/datasets/IAEA_sorghum_F2s_2018/Novogen_download/customer-9fC5qAZT/D2_F2_159/D2_F2_159_NKD180900418-D2_F2_159_H7LYHDSXX_L1_2.fq.gz
D2_F2_160	D2_F2_160_orZ	ILLUMINA	/home/norman/Analysis/datasets/IAEA_sorghum_F2s_2018/Novogen_download/customer-orZgx0s6/D2_F2_160/D2_F2_160_NKD180900418-AK9794-AK9816_H7NHLDSXX_L1_1.fq.gz	/home/norman/Analysis/datasets/IAEA_sorghum_F2s_2018/Novogen_download/customer-orZgx0s6/D2_F2_160/D2_F2_160_NKD180900418-AK9794-AK9816_H7NHLDSXX_L1_2.fq.gz
D2_F2_160	D2_F2_160_9fC	ILLUMINA	/home/norman/Analysis/datasets/IAEA_sorghum_F2s_2018/Novogen_download/customer-9fC5qAZT/D2_F2_160/D2_F2_160_NKD180900418-D2_F2_160_H7LYHDSXX_L1_1.fq.gz	/home/norman/Analysis/datasets/IAEA_sorghum_F2s_2018/Novogen_download/customer-9fC5qAZT/D2_F2_160/D2_F2_160_NKD180900418-D2_F2_160_H7LYHDSXX_L1_2.fq.gz
D2_F2_161	D2_F2_161_orZ	ILLUMINA	/home/norman/Analysis/datasets/IAEA_sorghum_F2s_2018/Novogen_download/customer-orZgx0s6/D2_F2_161/D2_F2_161_NKD180900418-AK9795-AK9810_H7NHLDSXX_L1_1.fq.gz	/home/norman/Analysis/datasets/IAEA_sorghum_F2s_2018/Novogen_download/customer-orZgx0s6/D2_F2_161/D2_F2_161_NKD180900418-AK9795-AK9810_H7NHLDSXX_L1_2.fq.gz
D2_F2_161	D2_F2_161_9fC	ILLUMINA	/home/norman/Analysis/datasets/IAEA_sorghum_F2s_2018/Novogen_download/customer-9fC5qAZT/D2_F2_161/D2_F2_161_NKD180900418-D2_F2_161_H7LYHDSXX_L1_1.fq.gz	/home/norman/Analysis/datasets/IAEA_sorghum_F2s_2018/Novogen_download/customer-9fC5qAZT/D2_F2_161/D2_F2_161_NKD180900418-D2_F2_161_H7LYHDSXX_L1_2.fq.gz
D2_F2_162	D2_F2_162_orZ	ILLUMINA	/home/norman/Analysis/datasets/IAEA_sorghum_F2s_2018/Novogen_download/customer-orZgx0s6/D2_F2_162/D2_F2_162_NKD180900418-AK9795-AK9811_H7NHLDSXX_L1_1.fq.gz	/home/norman/Analysis/datasets/IAEA_sorghum_F2s_2018/Novogen_download/customer-orZgx0s6/D2_F2_162/D2_F2_162_NKD180900418-AK9795-AK9811_H7NHLDSXX_L1_2.fq.gz
D2_F2_162	D2_F2_162_9fC	ILLUMINA	/home/norman/Analysis/datasets/IAEA_sorghum_F2s_2018/Novogen_download/customer-9fC5qAZT/D2_F2_162/D2_F2_162_NKD180900418-D2_F2_162_H7LYHDSXX_L1_1.fq.gz	/home/norman/Analysis/datasets/IAEA_sorghum_F2s_2018/Novogen_download/customer-9fC5qAZT/D2_F2_162/D2_F2_162_NKD180900418-D2_F2_162_H7LYHDSXX_L1_2.fq.gz
D2_F2_164	D2_F2_164_orZ	ILLUMINA	/home/norman/Analysis/datasets/IAEA_sorghum_F2s_2018/Novogen_download/customer-orZgx0s6/D2_F2_164/D2_F2_164_NKD180900418-AK9795-AK9813_H7NHLDSXX_L1_1.fq.gz	/home/norman/Analysis/datasets/IAEA_sorghum_F2s_2018/Novogen_download/customer-orZgx0s6/D2_F2_164/D2_F2_164_NKD180900418-AK9795-AK9813_H7NHLDSXX_L1_2.fq.gz
D2_F2_164	D2_F2_164_9fC	ILLUMINA	/home/norman/Analysis/datasets/IAEA_sorghum_F2s_2018/Novogen_download/customer-9fC5qAZT/D2_F2_164/D2_F2_164_NKD180900418-D2_F2_164_H7LYHDSXX_L1_1.fq.gz	/home/norman/Analysis/datasets/IAEA_sorghum_F2s_2018/Novogen_download/customer-9fC5qAZT/D2_F2_164/D2_F2_164_NKD180900418-D2_F2_164_H7LYHDSXX_L1_2.fq.gz
D2_F2_165	D2_F2_165_orZ	ILLUMINA	/home/norman/Analysis/datasets/IAEA_sorghum_F2s_2018/Novogen_download/customer-orZgx0s6/D2_F2_165/D2_F2_165_NKD180900418-AK9795-AK9814_H7NHLDSXX_L1_1.fq.gz	/home/norman/Analysis/datasets/IAEA_sorghum_F2s_2018/Novogen_download/customer-orZgx0s6/D2_F2_165/D2_F2_165_NKD180900418-AK9795-AK9814_H7NHLDSXX_L1_2.fq.gz
D2_F2_165	D2_F2_165_9fC	ILLUMINA	/home/norman/Analysis/datasets/IAEA_sorghum_F2s_2018/Novogen_download/customer-9fC5qAZT/D2_F2_165/D2_F2_165_NKD180900418-D2_F2_165_H7LYHDSXX_L1_1.fq.gz	/home/norman/Analysis/datasets/IAEA_sorghum_F2s_2018/Novogen_download/customer-9fC5qAZT/D2_F2_165/D2_F2_165_NKD180900418-D2_F2_165_H7LYHDSXX_L1_2.fq.gz
D2_F2_168	D2_F2_168_wwa	ILLUMINA	/home/norman/Analysis/datasets/IAEA_sorghum_F2s_2018/Novogen_download/customer-wwa9CZkn/D2_F2_168/D2_F2_168_NKD180900418-D2_F2_168_H7LYHDSXX_L1_1.fq.gz	/home/norman/Analysis/datasets/IAEA_sorghum_F2s_2018/Novogen_download/customer-wwa9CZkn/D2_F2_168/D2_F2_168_NKD180900418-D2_F2_168_H7LYHDSXX_L1_2.fq.gz
D2_F2_168	D2_F2_168_orZ	ILLUMINA	/home/norman/Analysis/datasets/IAEA_sorghum_F2s_2018/Novogen_download/customer-orZgx0s6/D2_F2_168/D2_F2_168_NKD180900418-AK9795-AK9816_H7NHLDSXX_L1_1.fq.gz	/home/norman/Analysis/datasets/IAEA_sorghum_F2s_2018/Novogen_download/customer-orZgx0s6/D2_F2_168/D2_F2_168_NKD180900418-AK9795-AK9816_H7NHLDSXX_L1_2.fq.gz
D2_F2_169	D2_F2_169_wwa	ILLUMINA	/home/norman/Analysis/datasets/IAEA_sorghum_F2s_2018/Novogen_download/customer-wwa9CZkn/D2_F2_169/D2_F2_169_NKD180900418-D2_F2_169_H7LYHDSXX_L1_1.fq.gz	/home/norman/Analysis/datasets/IAEA_sorghum_F2s_2018/Novogen_download/customer-wwa9CZkn/D2_F2_169/D2_F2_169_NKD180900418-D2_F2_169_H7LYHDSXX_L1_2.fq.gz
D2_F2_169	D2_F2_169_orZ	ILLUMINA	/home/norman/Analysis/datasets/IAEA_sorghum_F2s_2018/Novogen_download/customer-orZgx0s6/D2_F2_169/D2_F2_169_NKD180900418-AK9796-AK9810_H7NHLDSXX_L1_1.fq.gz	/home/norman/Analysis/datasets/IAEA_sorghum_F2s_2018/Novogen_download/customer-orZgx0s6/D2_F2_169/D2_F2_169_NKD180900418-AK9796-AK9810_H7NHLDSXX_L1_2.fq.gz
D2_F2_170	D2_F2_170_wwa	ILLUMINA	/home/norman/Analysis/datasets/IAEA_sorghum_F2s_2018/Novogen_download/customer-wwa9CZkn/D2_F2_170/D2_F2_170_NKD180900418-D2_F2_170_H7LYHDSXX_L1_1.fq.gz	/home/norman/Analysis/datasets/IAEA_sorghum_F2s_2018/Novogen_download/customer-wwa9CZkn/D2_F2_170/D2_F2_170_NKD180900418-D2_F2_170_H7LYHDSXX_L1_2.fq.gz
D2_F2_170	D2_F2_170_orZ	ILLUMINA	/home/norman/Analysis/datasets/IAEA_sorghum_F2s_2018/Novogen_download/customer-orZgx0s6/D2_F2_170/D2_F2_170_NKD180900418-AK9796-AK9811_H7NHLDSXX_L1_1.fq.gz	/home/norman/Analysis/datasets/IAEA_sorghum_F2s_2018/Novogen_download/customer-orZgx0s6/D2_F2_170/D2_F2_170_NKD180900418-AK9796-AK9811_H7NHLDSXX_L1_2.fq.gz
D2_F2_172	D2_F2_172_wwa	ILLUMINA	/home/norman/Analysis/datasets/IAEA_sorghum_F2s_2018/Novogen_download/customer-wwa9CZkn/D2_F2_172/D2_F2_172_NKD180900418-D2_F2_172_H7LYHDSXX_L1_1.fq.gz	/home/norman/Analysis/datasets/IAEA_sorghum_F2s_2018/Novogen_download/customer-wwa9CZkn/D2_F2_172/D2_F2_172_NKD180900418-D2_F2_172_H7LYHDSXX_L1_2.fq.gz
D2_F2_172	D2_F2_172_orZ	ILLUMINA	/home/norman/Analysis/datasets/IAEA_sorghum_F2s_2018/Novogen_download/customer-orZgx0s6/D2_F2_172/D2_F2_172_NKD180900418-AK9796-AK9813_H7NHLDSXX_L1_1.fq.gz	/home/norman/Analysis/datasets/IAEA_sorghum_F2s_2018/Novogen_download/customer-orZgx0s6/D2_F2_172/D2_F2_172_NKD180900418-AK9796-AK9813_H7NHLDSXX_L1_2.fq.gz
D2_F2_173	D2_F2_173_wwa	ILLUMINA	/home/norman/Analysis/datasets/IAEA_sorghum_F2s_2018/Novogen_download/customer-wwa9CZkn/D2_F2_173/D2_F2_173_NKD180900418-D2_F2_173_H7LYHDSXX_L1_1.fq.gz	/home/norman/Analysis/datasets/IAEA_sorghum_F2s_2018/Novogen_download/customer-wwa9CZkn/D2_F2_173/D2_F2_173_NKD180900418-D2_F2_173_H7LYHDSXX_L1_2.fq.gz
D2_F2_173	D2_F2_173_orZ	ILLUMINA	/home/norman/Analysis/datasets/IAEA_sorghum_F2s_2018/Novogen_download/customer-orZgx0s6/D2_F2_173/D2_F2_173_NKD180900418-AK9796-AK9814_H7NHLDSXX_L1_1.fq.gz	/home/norman/Analysis/datasets/IAEA_sorghum_F2s_2018/Novogen_download/customer-orZgx0s6/D2_F2_173/D2_F2_173_NKD180900418-AK9796-AK9814_H7NHLDSXX_L1_2.fq.gz
D2_F2_174	D2_F2_174_wwa	ILLUMINA	/home/norman/Analysis/datasets/IAEA_sorghum_F2s_2018/Novogen_download/customer-wwa9CZkn/D2_F2_174/D2_F2_174_NKD180900418-D2_F2_174_H7LYHDSXX_L1_1.fq.gz	/home/norman/Analysis/datasets/IAEA_sorghum_F2s_2018/Novogen_download/customer-wwa9CZkn/D2_F2_174/D2_F2_174_NKD180900418-D2_F2_174_H7LYHDSXX_L1_2.fq.gz
D2_F2_174	D2_F2_174_orZ	ILLUMINA	/home/norman/Analysis/datasets/IAEA_sorghum_F2s_2018/Novogen_download/customer-orZgx0s6/D2_F2_174/D2_F2_174_NKD180900418-AK9796-AK4717_H7NHLDSXX_L1_1.fq.gz	/home/norman/Analysis/datasets/IAEA_sorghum_F2s_2018/Novogen_download/customer-orZgx0s6/D2_F2_174/D2_F2_174_NKD180900418-AK9796-AK4717_H7NHLDSXX_L1_2.fq.gz
D2_F2_175	D2_F2_175_wwa	ILLUMINA	/home/norman/Analysis/datasets/IAEA_sorghum_F2s_2018/Novogen_download/customer-wwa9CZkn/D2_F2_175/D2_F2_175_NKD180900418-D2_F2_175_H7LYHDSXX_L1_1.fq.gz	/home/norman/Analysis/datasets/IAEA_sorghum_F2s_2018/Novogen_download/customer-wwa9CZkn/D2_F2_175/D2_F2_175_NKD180900418-D2_F2_175_H7LYHDSXX_L1_2.fq.gz
D2_F2_175	D2_F2_175_orZ	ILLUMINA	/home/norman/Analysis/datasets/IAEA_sorghum_F2s_2018/Novogen_download/customer-orZgx0s6/D2_F2_175/D2_F2_175_NKD180900418-AK9796-AK9815_H7NHLDSXX_L1_1.fq.gz	/home/norman/Analysis/datasets/IAEA_sorghum_F2s_2018/Novogen_download/customer-orZgx0s6/D2_F2_175/D2_F2_175_NKD180900418-AK9796-AK9815_H7NHLDSXX_L1_2.fq.gz
D2_F2_176	D2_F2_176_wwa	ILLUMINA	/home/norman/Analysis/datasets/IAEA_sorghum_F2s_2018/Novogen_download/customer-wwa9CZkn/D2_F2_176/D2_F2_176_NKD180900418-D2_F2_176_H7LYHDSXX_L1_1.fq.gz	/home/norman/Analysis/datasets/IAEA_sorghum_F2s_2018/Novogen_download/customer-wwa9CZkn/D2_F2_176/D2_F2_176_NKD180900418-D2_F2_176_H7LYHDSXX_L1_2.fq.gz
D2_F2_176	D2_F2_176_orZ	ILLUMINA	/home/norman/Analysis/datasets/IAEA_sorghum_F2s_2018/Novogen_download/customer-orZgx0s6/D2_F2_176/D2_F2_176_NKD180900418-AK9796-AK9816_H7NHLDSXX_L1_1.fq.gz	/home/norman/Analysis/datasets/IAEA_sorghum_F2s_2018/Novogen_download/customer-orZgx0s6/D2_F2_176/D2_F2_176_NKD180900418-AK9796-AK9816_H7NHLDSXX_L1_2.fq.gz
D2_F2_177	D2_F2_177_wwa	ILLUMINA	/home/norman/Analysis/datasets/IAEA_sorghum_F2s_2018/Novogen_download/customer-wwa9CZkn/D2_F2_177/D2_F2_177_NKD180900418-D2_F2_177_H7LYHDSXX_L1_1.fq.gz	/home/norman/Analysis/datasets/IAEA_sorghum_F2s_2018/Novogen_download/customer-wwa9CZkn/D2_F2_177/D2_F2_177_NKD180900418-D2_F2_177_H7LYHDSXX_L1_2.fq.gz
D2_F2_177	D2_F2_177_orZ	ILLUMINA	/home/norman/Analysis/datasets/IAEA_sorghum_F2s_2018/Novogen_download/customer-orZgx0s6/D2_F2_177/D2_F2_177_NKD180900418-AK9797-AK9810_H7NHLDSXX_L1_1.fq.gz	/home/norman/Analysis/datasets/IAEA_sorghum_F2s_2018/Novogen_download/customer-orZgx0s6/D2_F2_177/D2_F2_177_NKD180900418-AK9797-AK9810_H7NHLDSXX_L1_2.fq.gz
D2_F2_180	D2_F2_180_wwa	ILLUMINA	/home/norman/Analysis/datasets/IAEA_sorghum_F2s_2018/Novogen_download/customer-wwa9CZkn/D2_F2_180/D2_F2_180_NKD180900418-D2_F2_180_H7LYHDSXX_L1_1.fq.gz	/home/norman/Analysis/datasets/IAEA_sorghum_F2s_2018/Novogen_download/customer-wwa9CZkn/D2_F2_180/D2_F2_180_NKD180900418-D2_F2_180_H7LYHDSXX_L1_2.fq.gz
D2_F2_180	D2_F2_180_orZ	ILLUMINA	/home/norman/Analysis/datasets/IAEA_sorghum_F2s_2018/Novogen_download/customer-orZgx0s6/D2_F2_180/D2_F2_180_NKD180900418-AK9797-AK9813_H7NHLDSXX_L1_1.fq.gz	/home/norman/Analysis/datasets/IAEA_sorghum_F2s_2018/Novogen_download/customer-orZgx0s6/D2_F2_180/D2_F2_180_NKD180900418-AK9797-AK9813_H7NHLDSXX_L1_2.fq.gz
D2_F2_181	D2_F2_181_wwa	ILLUMINA	/home/norman/Analysis/datasets/IAEA_sorghum_F2s_2018/Novogen_download/customer-wwa9CZkn/D2_F2_181/D2_F2_181_NKD180900418-D2_F2_181_H7LYHDSXX_L1_1.fq.gz	/home/norman/Analysis/datasets/IAEA_sorghum_F2s_2018/Novogen_download/customer-wwa9CZkn/D2_F2_181/D2_F2_181_NKD180900418-D2_F2_181_H7LYHDSXX_L1_2.fq.gz
D2_F2_181	D2_F2_181_orZ	ILLUMINA	/home/norman/Analysis/datasets/IAEA_sorghum_F2s_2018/Novogen_download/customer-orZgx0s6/D2_F2_181/D2_F2_181_NKD180900418-AK9797-AK9814_H7NHLDSXX_L1_1.fq.gz	/home/norman/Analysis/datasets/IAEA_sorghum_F2s_2018/Novogen_download/customer-orZgx0s6/D2_F2_181/D2_F2_181_NKD180900418-AK9797-AK9814_H7NHLDSXX_L1_2.fq.gz
D2_F2_182	D2_F2_182_wwa	ILLUMINA	/home/norman/Analysis/datasets/IAEA_sorghum_F2s_2018/Novogen_download/customer-wwa9CZkn/D2_F2_182/D2_F2_182_NKD180900418-D2_F2_182_H7LYHDSXX_L1_1.fq.gz	/home/norman/Analysis/datasets/IAEA_sorghum_F2s_2018/Novogen_download/customer-wwa9CZkn/D2_F2_182/D2_F2_182_NKD180900418-D2_F2_182_H7LYHDSXX_L1_2.fq.gz
D2_F2_182	D2_F2_182_orZ	ILLUMINA	/home/norman/Analysis/datasets/IAEA_sorghum_F2s_2018/Novogen_download/customer-orZgx0s6/D2_F2_182/D2_F2_182_NKD180900418-AK9797-AK4717_H7NHLDSXX_L1_1.fq.gz	/home/norman/Analysis/datasets/IAEA_sorghum_F2s_2018/Novogen_download/customer-orZgx0s6/D2_F2_182/D2_F2_182_NKD180900418-AK9797-AK4717_H7NHLDSXX_L1_2.fq.gz
D2_F2_184	D2_F2_184_wwa	ILLUMINA	/home/norman/Analysis/datasets/IAEA_sorghum_F2s_2018/Novogen_download/customer-wwa9CZkn/D2_F2_184/D2_F2_184_NKD180900418-D2_F2_184_H7LYHDSXX_L1_1.fq.gz	/home/norman/Analysis/datasets/IAEA_sorghum_F2s_2018/Novogen_download/customer-wwa9CZkn/D2_F2_184/D2_F2_184_NKD180900418-D2_F2_184_H7LYHDSXX_L1_2.fq.gz
D2_F2_184	D2_F2_184_orZ	ILLUMINA	/home/norman/Analysis/datasets/IAEA_sorghum_F2s_2018/Novogen_download/customer-orZgx0s6/D2_F2_184/D2_F2_184_NKD180900418-AK9797-AK9816_H7NHLDSXX_L1_1.fq.gz	/home/norman/Analysis/datasets/IAEA_sorghum_F2s_2018/Novogen_download/customer-orZgx0s6/D2_F2_184/D2_F2_184_NKD180900418-AK9797-AK9816_H7NHLDSXX_L1_2.fq.gz
D2_F2_185	D2_F2_185_wwa	ILLUMINA	/home/norman/Analysis/datasets/IAEA_sorghum_F2s_2018/Novogen_download/customer-wwa9CZkn/D2_F2_185/D2_F2_185_NKD180900418-D2_F2_185_H7LYHDSXX_L1_1.fq.gz	/home/norman/Analysis/datasets/IAEA_sorghum_F2s_2018/Novogen_download/customer-wwa9CZkn/D2_F2_185/D2_F2_185_NKD180900418-D2_F2_185_H7LYHDSXX_L1_2.fq.gz
D2_F2_185	D2_F2_185_orZ	ILLUMINA	/home/norman/Analysis/datasets/IAEA_sorghum_F2s_2018/Novogen_download/customer-orZgx0s6/D2_F2_185/D2_F2_185_NKD180900418-AK9798-AK9810_H7NHLDSXX_L1_1.fq.gz	/home/norman/Analysis/datasets/IAEA_sorghum_F2s_2018/Novogen_download/customer-orZgx0s6/D2_F2_185/D2_F2_185_NKD180900418-AK9798-AK9810_H7NHLDSXX_L1_2.fq.gz
D2_F2_189	D2_F2_189_wwa	ILLUMINA	/home/norman/Analysis/datasets/IAEA_sorghum_F2s_2018/Novogen_download/customer-wwa9CZkn/D2_F2_189/D2_F2_189_NKD180900418-D2_F2_189_H7LYHDSXX_L1_1.fq.gz	/home/norman/Analysis/datasets/IAEA_sorghum_F2s_2018/Novogen_download/customer-wwa9CZkn/D2_F2_189/D2_F2_189_NKD180900418-D2_F2_189_H7LYHDSXX_L1_2.fq.gz
D2_F2_189	D2_F2_189_orZ	ILLUMINA	/home/norman/Analysis/datasets/IAEA_sorghum_F2s_2018/Novogen_download/customer-orZgx0s6/D2_F2_189/D2_F2_189_NKD180900418-AK9798-AK9814_H7NHLDSXX_L1_1.fq.gz	/home/norman/Analysis/datasets/IAEA_sorghum_F2s_2018/Novogen_download/customer-orZgx0s6/D2_F2_189/D2_F2_189_NKD180900418-AK9798-AK9814_H7NHLDSXX_L1_2.fq.gz
D2_F2_191	D2_F2_191_wwa	ILLUMINA	/home/norman/Analysis/datasets/IAEA_sorghum_F2s_2018/Novogen_download/customer-wwa9CZkn/D2_F2_191/D2_F2_191_NKD180900418-D2_F2_191_H7LYHDSXX_L1_1.fq.gz	/home/norman/Analysis/datasets/IAEA_sorghum_F2s_2018/Novogen_download/customer-wwa9CZkn/D2_F2_191/D2_F2_191_NKD180900418-D2_F2_191_H7LYHDSXX_L1_2.fq.gz
D2_F2_191	D2_F2_191_orZ	ILLUMINA	/home/norman/Analysis/datasets/IAEA_sorghum_F2s_2018/Novogen_download/customer-orZgx0s6/D2_F2_191/D2_F2_191_NKD180900418-AK9798-AK9815_H7NHLDSXX_L1_1.fq.gz	/home/norman/Analysis/datasets/IAEA_sorghum_F2s_2018/Novogen_download/customer-orZgx0s6/D2_F2_191/D2_F2_191_NKD180900418-AK9798-AK9815_H7NHLDSXX_L1_2.fq.gz
D2_F2_194	D2_F2_194_wwa	ILLUMINA	/home/norman/Analysis/datasets/IAEA_sorghum_F2s_2018/Novogen_download/customer-wwa9CZkn/D2_F2_194/D2_F2_194_NKD180900418-D2_F2_194_H7LYHDSXX_L1_1.fq.gz	/home/norman/Analysis/datasets/IAEA_sorghum_F2s_2018/Novogen_download/customer-wwa9CZkn/D2_F2_194/D2_F2_194_NKD180900418-D2_F2_194_H7LYHDSXX_L1_2.fq.gz
D2_F2_194	D2_F2_194_orZ	ILLUMINA	/home/norman/Analysis/datasets/IAEA_sorghum_F2s_2018/Novogen_download/customer-orZgx0s6/D2_F2_194/D2_F2_194_NKD180900418-GC04-AK9772_H7NHLDSXX_L1_1.fq.gz	/home/norman/Analysis/datasets/IAEA_sorghum_F2s_2018/Novogen_download/customer-orZgx0s6/D2_F2_194/D2_F2_194_NKD180900418-GC04-AK9772_H7NHLDSXX_L1_2.fq.gz
D2_F2_197	D2_F2_197_wwa	ILLUMINA	/home/norman/Analysis/datasets/IAEA_sorghum_F2s_2018/Novogen_download/customer-wwa9CZkn/D2_F2_197/D2_F2_197_NKD180900418-D2_F2_197_H7LYHDSXX_L1_1.fq.gz	/home/norman/Analysis/datasets/IAEA_sorghum_F2s_2018/Novogen_download/customer-wwa9CZkn/D2_F2_197/D2_F2_197_NKD180900418-D2_F2_197_H7LYHDSXX_L1_2.fq.gz
D2_F2_197	D2_F2_197_orZ	ILLUMINA	/home/norman/Analysis/datasets/IAEA_sorghum_F2s_2018/Novogen_download/customer-orZgx0s6/D2_F2_197/D2_F2_197_NKD180900418-GC04-AK1689_H7NHLDSXX_L1_1.fq.gz	/home/norman/Analysis/datasets/IAEA_sorghum_F2s_2018/Novogen_download/customer-orZgx0s6/D2_F2_197/D2_F2_197_NKD180900418-GC04-AK1689_H7NHLDSXX_L1_2.fq.gz
D2_F2_198	D2_F2_198_wwa	ILLUMINA	/home/norman/Analysis/datasets/IAEA_sorghum_F2s_2018/Novogen_download/customer-wwa9CZkn/D2_F2_198/D2_F2_198_NKD180900418-D2_F2_198_H7LYHDSXX_L1_1.fq.gz	/home/norman/Analysis/datasets/IAEA_sorghum_F2s_2018/Novogen_download/customer-wwa9CZkn/D2_F2_198/D2_F2_198_NKD180900418-D2_F2_198_H7LYHDSXX_L1_2.fq.gz
D2_F2_198	D2_F2_198_orZ	ILLUMINA	/home/norman/Analysis/datasets/IAEA_sorghum_F2s_2018/Novogen_download/customer-orZgx0s6/D2_F2_198/D2_F2_198_NKD180900418-GC04-AK9775_H7NHLDSXX_L1_1.fq.gz	/home/norman/Analysis/datasets/IAEA_sorghum_F2s_2018/Novogen_download/customer-orZgx0s6/D2_F2_198/D2_F2_198_NKD180900418-GC04-AK9775_H7NHLDSXX_L1_2.fq.gz
D2_F2_199	D2_F2_199_wwa	ILLUMINA	/home/norman/Analysis/datasets/IAEA_sorghum_F2s_2018/Novogen_download/customer-wwa9CZkn/D2_F2_199/D2_F2_199_NKD180900418-D2_F2_199_H7LYHDSXX_L1_1.fq.gz	/home/norman/Analysis/datasets/IAEA_sorghum_F2s_2018/Novogen_download/customer-wwa9CZkn/D2_F2_199/D2_F2_199_NKD180900418-D2_F2_199_H7LYHDSXX_L1_2.fq.gz
D2_F2_199	D2_F2_199_orZ	ILLUMINA	/home/norman/Analysis/datasets/IAEA_sorghum_F2s_2018/Novogen_download/customer-orZgx0s6/D2_F2_199/D2_F2_199_NKD180900418-GC04-AK9776_H7NHLDSXX_L1_1.fq.gz	/home/norman/Analysis/datasets/IAEA_sorghum_F2s_2018/Novogen_download/customer-orZgx0s6/D2_F2_199/D2_F2_199_NKD180900418-GC04-AK9776_H7NHLDSXX_L1_2.fq.gz
D2_F2_200	D2_F2_200_wwa	ILLUMINA	/home/norman/Analysis/datasets/IAEA_sorghum_F2s_2018/Novogen_download/customer-wwa9CZkn/D2_F2_200/D2_F2_200_NKD180900418-D2_F2_200_H7LYHDSXX_L1_1.fq.gz	/home/norman/Analysis/datasets/IAEA_sorghum_F2s_2018/Novogen_download/customer-wwa9CZkn/D2_F2_200/D2_F2_200_NKD180900418-D2_F2_200_H7LYHDSXX_L1_2.fq.gz
D2_F2_200	D2_F2_200_orZ	ILLUMINA	/home/norman/Analysis/datasets/IAEA_sorghum_F2s_2018/Novogen_download/customer-orZgx0s6/D2_F2_200/D2_F2_200_NKD180900418-GC04-AK9777_H7NHLDSXX_L1_1.fq.gz	/home/norman/Analysis/datasets/IAEA_sorghum_F2s_2018/Novogen_download/customer-orZgx0s6/D2_F2_200/D2_F2_200_NKD180900418-GC04-AK9777_H7NHLDSXX_L1_2.fq.gz
D2_F2_201	D2_F2_201_wwa	ILLUMINA	/home/norman/Analysis/datasets/IAEA_sorghum_F2s_2018/Novogen_download/customer-wwa9CZkn/D2_F2_201/D2_F2_201_NKD180900418-D2_F2_201_H7LYHDSXX_L1_1.fq.gz	/home/norman/Analysis/datasets/IAEA_sorghum_F2s_2018/Novogen_download/customer-wwa9CZkn/D2_F2_201/D2_F2_201_NKD180900418-D2_F2_201_H7LYHDSXX_L1_2.fq.gz
D2_F2_201	D2_F2_201_orZ	ILLUMINA	/home/norman/Analysis/datasets/IAEA_sorghum_F2s_2018/Novogen_download/customer-orZgx0s6/D2_F2_201/D2_F2_201_NKD180900418-AK9799-AK9771_H7NHLDSXX_L1_1.fq.gz	/home/norman/Analysis/datasets/IAEA_sorghum_F2s_2018/Novogen_download/customer-orZgx0s6/D2_F2_201/D2_F2_201_NKD180900418-AK9799-AK9771_H7NHLDSXX_L1_2.fq.gz
D2_F2_204	D2_F2_204_wwa	ILLUMINA	/home/norman/Analysis/datasets/IAEA_sorghum_F2s_2018/Novogen_download/customer-wwa9CZkn/D2_F2_204/D2_F2_204_NKD180900418-D2_F2_204_H7LYHDSXX_L1_1.fq.gz	/home/norman/Analysis/datasets/IAEA_sorghum_F2s_2018/Novogen_download/customer-wwa9CZkn/D2_F2_204/D2_F2_204_NKD180900418-D2_F2_204_H7LYHDSXX_L1_2.fq.gz
D2_F2_204	D2_F2_204_orZ	ILLUMINA	/home/norman/Analysis/datasets/IAEA_sorghum_F2s_2018/Novogen_download/customer-orZgx0s6/D2_F2_204/D2_F2_204_NKD180900418-AK9799-AK9774_H7NHLDSXX_L1_1.fq.gz	/home/norman/Analysis/datasets/IAEA_sorghum_F2s_2018/Novogen_download/customer-orZgx0s6/D2_F2_204/D2_F2_204_NKD180900418-AK9799-AK9774_H7NHLDSXX_L1_2.fq.gz
D2_F2_206	D2_F2_206_wwa	ILLUMINA	/home/norman/Analysis/datasets/IAEA_sorghum_F2s_2018/Novogen_download/customer-wwa9CZkn/D2_F2_206/D2_F2_206_NKD180900418-D2_F2_206_H7LYHDSXX_L1_1.fq.gz	/home/norman/Analysis/datasets/IAEA_sorghum_F2s_2018/Novogen_download/customer-wwa9CZkn/D2_F2_206/D2_F2_206_NKD180900418-D2_F2_206_H7LYHDSXX_L1_2.fq.gz
D2_F2_206	D2_F2_206_orZ	ILLUMINA	/home/norman/Analysis/datasets/IAEA_sorghum_F2s_2018/Novogen_download/customer-orZgx0s6/D2_F2_206/D2_F2_206_NKD180900418-AK9799-AK9775_H7NHLDSXX_L1_1.fq.gz	/home/norman/Analysis/datasets/IAEA_sorghum_F2s_2018/Novogen_download/customer-orZgx0s6/D2_F2_206/D2_F2_206_NKD180900418-AK9799-AK9775_H7NHLDSXX_L1_2.fq.gz
D2_F2_208	D2_F2_208_wwa	ILLUMINA	/home/norman/Analysis/datasets/IAEA_sorghum_F2s_2018/Novogen_download/customer-wwa9CZkn/D2_F2_208/D2_F2_208_NKD180900418-D2_F2_208_H7LYHDSXX_L1_1.fq.gz	/home/norman/Analysis/datasets/IAEA_sorghum_F2s_2018/Novogen_download/customer-wwa9CZkn/D2_F2_208/D2_F2_208_NKD180900418-D2_F2_208_H7LYHDSXX_L1_2.fq.gz
D2_F2_208	D2_F2_208_orZ	ILLUMINA	/home/norman/Analysis/datasets/IAEA_sorghum_F2s_2018/Novogen_download/customer-orZgx0s6/D2_F2_208/D2_F2_208_NKD180900418-AK9799-AK9777_H7NHLDSXX_L1_1.fq.gz	/home/norman/Analysis/datasets/IAEA_sorghum_F2s_2018/Novogen_download/customer-orZgx0s6/D2_F2_208/D2_F2_208_NKD180900418-AK9799-AK9777_H7NHLDSXX_L1_2.fq.gz
D2_F2_209	D2_F2_209_wwa	ILLUMINA	/home/norman/Analysis/datasets/IAEA_sorghum_F2s_2018/Novogen_download/customer-wwa9CZkn/D2_F2_209/D2_F2_209_NKD180900418-D2_F2_209_H7LYHDSXX_L1_1.fq.gz	/home/norman/Analysis/datasets/IAEA_sorghum_F2s_2018/Novogen_download/customer-wwa9CZkn/D2_F2_209/D2_F2_209_NKD180900418-D2_F2_209_H7LYHDSXX_L1_2.fq.gz
D2_F2_209	D2_F2_209_orZ	ILLUMINA	/home/norman/Analysis/datasets/IAEA_sorghum_F2s_2018/Novogen_download/customer-orZgx0s6/D2_F2_209/D2_F2_209_NKD180900418-AK9800-AK9771_H7NHLDSXX_L1_1.fq.gz	/home/norman/Analysis/datasets/IAEA_sorghum_F2s_2018/Novogen_download/customer-orZgx0s6/D2_F2_209/D2_F2_209_NKD180900418-AK9800-AK9771_H7NHLDSXX_L1_2.fq.gz
D2_F2_210	D2_F2_210_wwa	ILLUMINA	/home/norman/Analysis/datasets/IAEA_sorghum_F2s_2018/Novogen_download/customer-wwa9CZkn/D2_F2_210/D2_F2_210_NKD180900418-D2_F2_210_H7LYHDSXX_L1_1.fq.gz	/home/norman/Analysis/datasets/IAEA_sorghum_F2s_2018/Novogen_download/customer-wwa9CZkn/D2_F2_210/D2_F2_210_NKD180900418-D2_F2_210_H7LYHDSXX_L1_2.fq.gz
D2_F2_210	D2_F2_210_orZ	ILLUMINA	/home/norman/Analysis/datasets/IAEA_sorghum_F2s_2018/Novogen_download/customer-orZgx0s6/D2_F2_210/D2_F2_210_NKD180900418-AK9800-AK9772_H7NHLDSXX_L1_1.fq.gz	/home/norman/Analysis/datasets/IAEA_sorghum_F2s_2018/Novogen_download/customer-orZgx0s6/D2_F2_210/D2_F2_210_NKD180900418-AK9800-AK9772_H7NHLDSXX_L1_2.fq.gz
D2_F2_214	D2_F2_214_wwa	ILLUMINA	/home/norman/Analysis/datasets/IAEA_sorghum_F2s_2018/Novogen_download/customer-wwa9CZkn/D2_F2_214/D2_F2_214_NKD180900418-D2_F2_214_H7LYHDSXX_L1_1.fq.gz	/home/norman/Analysis/datasets/IAEA_sorghum_F2s_2018/Novogen_download/customer-wwa9CZkn/D2_F2_214/D2_F2_214_NKD180900418-D2_F2_214_H7LYHDSXX_L1_2.fq.gz
D2_F2_214	D2_F2_214_orZ	ILLUMINA	/home/norman/Analysis/datasets/IAEA_sorghum_F2s_2018/Novogen_download/customer-orZgx0s6/D2_F2_214/D2_F2_214_NKD180900418-AK9800-AK9775_H7NHLDSXX_L1_1.fq.gz	/home/norman/Analysis/datasets/IAEA_sorghum_F2s_2018/Novogen_download/customer-orZgx0s6/D2_F2_214/D2_F2_214_NKD180900418-AK9800-AK9775_H7NHLDSXX_L1_2.fq.gz
D2_F2_215	D2_F2_215_wwa	ILLUMINA	/home/norman/Analysis/datasets/IAEA_sorghum_F2s_2018/Novogen_download/customer-wwa9CZkn/D2_F2_215/D2_F2_215_NKD180900418-D2_F2_215_H7LYHDSXX_L1_1.fq.gz	/home/norman/Analysis/datasets/IAEA_sorghum_F2s_2018/Novogen_download/customer-wwa9CZkn/D2_F2_215/D2_F2_215_NKD180900418-D2_F2_215_H7LYHDSXX_L1_2.fq.gz
D2_F2_215	D2_F2_215_orZ	ILLUMINA	/home/norman/Analysis/datasets/IAEA_sorghum_F2s_2018/Novogen_download/customer-orZgx0s6/D2_F2_215/D2_F2_215_NKD180900418-AK9800-AK9776_H7NHLDSXX_L1_1.fq.gz	/home/norman/Analysis/datasets/IAEA_sorghum_F2s_2018/Novogen_download/customer-orZgx0s6/D2_F2_215/D2_F2_215_NKD180900418-AK9800-AK9776_H7NHLDSXX_L1_2.fq.gz
D2_F2_218	D2_F2_218_wwa	ILLUMINA	/home/norman/Analysis/datasets/IAEA_sorghum_F2s_2018/Novogen_download/customer-wwa9CZkn/D2_F2_218/D2_F2_218_NKD180900418-D2_F2_218_H7LYHDSXX_L1_1.fq.gz	/home/norman/Analysis/datasets/IAEA_sorghum_F2s_2018/Novogen_download/customer-wwa9CZkn/D2_F2_218/D2_F2_218_NKD180900418-D2_F2_218_H7LYHDSXX_L1_2.fq.gz
D2_F2_218	D2_F2_218_orZ	ILLUMINA	/home/norman/Analysis/datasets/IAEA_sorghum_F2s_2018/Novogen_download/customer-orZgx0s6/D2_F2_218/D2_F2_218_NKD180900418-AK9801-AK9772_H7NHLDSXX_L1_1.fq.gz	/home/norman/Analysis/datasets/IAEA_sorghum_F2s_2018/Novogen_download/customer-orZgx0s6/D2_F2_218/D2_F2_218_NKD180900418-AK9801-AK9772_H7NHLDSXX_L1_2.fq.gz
D2_F2_219	D2_F2_219_wwa	ILLUMINA	/home/norman/Analysis/datasets/IAEA_sorghum_F2s_2018/Novogen_download/customer-wwa9CZkn/D2_F2_219/D2_F2_219_NKD180900418-D2_F2_219_H7LYHDSXX_L1_1.fq.gz	/home/norman/Analysis/datasets/IAEA_sorghum_F2s_2018/Novogen_download/customer-wwa9CZkn/D2_F2_219/D2_F2_219_NKD180900418-D2_F2_219_H7LYHDSXX_L1_2.fq.gz
D2_F2_219	D2_F2_219_orZ	ILLUMINA	/home/norman/Analysis/datasets/IAEA_sorghum_F2s_2018/Novogen_download/customer-orZgx0s6/D2_F2_219/D2_F2_219_NKD180900418-AK9801-AK9773_H7NHLDSXX_L1_1.fq.gz	/home/norman/Analysis/datasets/IAEA_sorghum_F2s_2018/Novogen_download/customer-orZgx0s6/D2_F2_219/D2_F2_219_NKD180900418-AK9801-AK9773_H7NHLDSXX_L1_2.fq.gz
D2_F2_221	D2_F2_221_wwa	ILLUMINA	/home/norman/Analysis/datasets/IAEA_sorghum_F2s_2018/Novogen_download/customer-wwa9CZkn/D2_F2_221/D2_F2_221_NKD180900418-D2_F2_221_H7LYHDSXX_L1_1.fq.gz	/home/norman/Analysis/datasets/IAEA_sorghum_F2s_2018/Novogen_download/customer-wwa9CZkn/D2_F2_221/D2_F2_221_NKD180900418-D2_F2_221_H7LYHDSXX_L1_2.fq.gz
D2_F2_221	D2_F2_221_orZ	ILLUMINA	/home/norman/Analysis/datasets/IAEA_sorghum_F2s_2018/Novogen_download/customer-orZgx0s6/D2_F2_221/D2_F2_221_NKD180900418-AK9801-AK1689_H7NHLDSXX_L1_1.fq.gz	/home/norman/Analysis/datasets/IAEA_sorghum_F2s_2018/Novogen_download/customer-orZgx0s6/D2_F2_221/D2_F2_221_NKD180900418-AK9801-AK1689_H7NHLDSXX_L1_2.fq.gz
D2_F2_222	D2_F2_222_wwa	ILLUMINA	/home/norman/Analysis/datasets/IAEA_sorghum_F2s_2018/Novogen_download/customer-wwa9CZkn/D2_F2_222/D2_F2_222_NKD180900418-D2_F2_222_H7LYHDSXX_L1_1.fq.gz	/home/norman/Analysis/datasets/IAEA_sorghum_F2s_2018/Novogen_download/customer-wwa9CZkn/D2_F2_222/D2_F2_222_NKD180900418-D2_F2_222_H7LYHDSXX_L1_2.fq.gz
D2_F2_222	D2_F2_222_orZ	ILLUMINA	/home/norman/Analysis/datasets/IAEA_sorghum_F2s_2018/Novogen_download/customer-orZgx0s6/D2_F2_222/D2_F2_222_NKD180900418-AK9801-AK9775_H7NHLDSXX_L1_1.fq.gz	/home/norman/Analysis/datasets/IAEA_sorghum_F2s_2018/Novogen_download/customer-orZgx0s6/D2_F2_222/D2_F2_222_NKD180900418-AK9801-AK9775_H7NHLDSXX_L1_2.fq.gz
D2_F2_225	D2_F2_225_wwa	ILLUMINA	/home/norman/Analysis/datasets/IAEA_sorghum_F2s_2018/Novogen_download/customer-wwa9CZkn/D2_F2_225/D2_F2_225_NKD180900418-D2_F2_225_H7LYHDSXX_L1_1.fq.gz	/home/norman/Analysis/datasets/IAEA_sorghum_F2s_2018/Novogen_download/customer-wwa9CZkn/D2_F2_225/D2_F2_225_NKD180900418-D2_F2_225_H7LYHDSXX_L1_2.fq.gz
D2_F2_225	D2_F2_225_orZ	ILLUMINA	/home/norman/Analysis/datasets/IAEA_sorghum_F2s_2018/Novogen_download/customer-orZgx0s6/D2_F2_225/D2_F2_225_NKD180900418-AK9802-AK9771_H7NHLDSXX_L1_1.fq.gz	/home/norman/Analysis/datasets/IAEA_sorghum_F2s_2018/Novogen_download/customer-orZgx0s6/D2_F2_225/D2_F2_225_NKD180900418-AK9802-AK9771_H7NHLDSXX_L1_2.fq.gz
D2_F2_227	D2_F2_227_wwa	ILLUMINA	/home/norman/Analysis/datasets/IAEA_sorghum_F2s_2018/Novogen_download/customer-wwa9CZkn/D2_F2_227/D2_F2_227_NKD180900418-D2_F2_227_H7LYHDSXX_L1_1.fq.gz	/home/norman/Analysis/datasets/IAEA_sorghum_F2s_2018/Novogen_download/customer-wwa9CZkn/D2_F2_227/D2_F2_227_NKD180900418-D2_F2_227_H7LYHDSXX_L1_2.fq.gz
D2_F2_227	D2_F2_227_orZ	ILLUMINA	/home/norman/Analysis/datasets/IAEA_sorghum_F2s_2018/Novogen_download/customer-orZgx0s6/D2_F2_227/D2_F2_227_NKD180900418-AK9802-AK9773_H7NHLDSXX_L1_1.fq.gz	/home/norman/Analysis/datasets/IAEA_sorghum_F2s_2018/Novogen_download/customer-orZgx0s6/D2_F2_227/D2_F2_227_NKD180900418-AK9802-AK9773_H7NHLDSXX_L1_2.fq.gz
D2_F2_233	D2_F2_233_wwa	ILLUMINA	/home/norman/Analysis/datasets/IAEA_sorghum_F2s_2018/Novogen_download/customer-wwa9CZkn/D2_F2_233/D2_F2_233_NKD180900418-D2_F2_233_H7LYHDSXX_L1_1.fq.gz	/home/norman/Analysis/datasets/IAEA_sorghum_F2s_2018/Novogen_download/customer-wwa9CZkn/D2_F2_233/D2_F2_233_NKD180900418-D2_F2_233_H7LYHDSXX_L1_2.fq.gz
D2_F2_233	D2_F2_233_orZ	ILLUMINA	/home/norman/Analysis/datasets/IAEA_sorghum_F2s_2018/Novogen_download/customer-orZgx0s6/D2_F2_233/D2_F2_233_NKD180900418-AK9803-AK9771_H7NHLDSXX_L1_1.fq.gz	/home/norman/Analysis/datasets/IAEA_sorghum_F2s_2018/Novogen_download/customer-orZgx0s6/D2_F2_233/D2_F2_233_NKD180900418-AK9803-AK9771_H7NHLDSXX_L1_2.fq.gz
D2_F2_235	D2_F2_235_wwa	ILLUMINA	/home/norman/Analysis/datasets/IAEA_sorghum_F2s_2018/Novogen_download/customer-wwa9CZkn/D2_F2_235/D2_F2_235_NKD180900418-D2_F2_235_H7LYHDSXX_L1_1.fq.gz	/home/norman/Analysis/datasets/IAEA_sorghum_F2s_2018/Novogen_download/customer-wwa9CZkn/D2_F2_235/D2_F2_235_NKD180900418-D2_F2_235_H7LYHDSXX_L1_2.fq.gz
D2_F2_235	D2_F2_235_orZ	ILLUMINA	/home/norman/Analysis/datasets/IAEA_sorghum_F2s_2018/Novogen_download/customer-orZgx0s6/D2_F2_235/D2_F2_235_NKD180900418-AK9803-AK9773_H7NHLDSXX_L1_1.fq.gz	/home/norman/Analysis/datasets/IAEA_sorghum_F2s_2018/Novogen_download/customer-orZgx0s6/D2_F2_235/D2_F2_235_NKD180900418-AK9803-AK9773_H7NHLDSXX_L1_2.fq.gz
D2_F2_236	D2_F2_236_wwa	ILLUMINA	/home/norman/Analysis/datasets/IAEA_sorghum_F2s_2018/Novogen_download/customer-wwa9CZkn/D2_F2_236/D2_F2_236_NKD180900418-D2_F2_236_H7LYHDSXX_L1_1.fq.gz	/home/norman/Analysis/datasets/IAEA_sorghum_F2s_2018/Novogen_download/customer-wwa9CZkn/D2_F2_236/D2_F2_236_NKD180900418-D2_F2_236_H7LYHDSXX_L1_2.fq.gz
D2_F2_236	D2_F2_236_orZ	ILLUMINA	/home/norman/Analysis/datasets/IAEA_sorghum_F2s_2018/Novogen_download/customer-orZgx0s6/D2_F2_236/D2_F2_236_NKD180900418-AK9803-AK9774_H7NHLDSXX_L1_1.fq.gz	/home/norman/Analysis/datasets/IAEA_sorghum_F2s_2018/Novogen_download/customer-orZgx0s6/D2_F2_236/D2_F2_236_NKD180900418-AK9803-AK9774_H7NHLDSXX_L1_2.fq.gz
D2_F2_237	D2_F2_237_wwa	ILLUMINA	/home/norman/Analysis/datasets/IAEA_sorghum_F2s_2018/Novogen_download/customer-wwa9CZkn/D2_F2_237/D2_F2_237_NKD180900418-D2_F2_237_H7LYHDSXX_L1_1.fq.gz	/home/norman/Analysis/datasets/IAEA_sorghum_F2s_2018/Novogen_download/customer-wwa9CZkn/D2_F2_237/D2_F2_237_NKD180900418-D2_F2_237_H7LYHDSXX_L1_2.fq.gz
D2_F2_237	D2_F2_237_orZ	ILLUMINA	/home/norman/Analysis/datasets/IAEA_sorghum_F2s_2018/Novogen_download/customer-orZgx0s6/D2_F2_237/D2_F2_237_NKD180900418-AK9803-AK1689_H7NHLDSXX_L1_1.fq.gz	/home/norman/Analysis/datasets/IAEA_sorghum_F2s_2018/Novogen_download/customer-orZgx0s6/D2_F2_237/D2_F2_237_NKD180900418-AK9803-AK1689_H7NHLDSXX_L1_2.fq.gz